key,subset,split,reader,native_side,outcome,resampling,artery_dice,artery_cldice,vein_dice,vein_cldice,vessels_dice,vessels_cldice,said_artery_px,said_vein_px,truth_artery_px,truth_vein_px,note
test_007_n,square,test,expert,1280,graded,"probabilities to native, bilinear, then thresholded",0.801224,0.824185,0.753899,0.785906,0.875213,0.922057,69107,62462,82798,66367,
test_016_n,square,test,expert,1274,graded,"probabilities to native, bilinear, then thresholded",0.766549,0.751021,0.823417,0.813970,0.853470,0.872572,72716,82807,82867,90177,
test_018_n,large,test,expert,2093,graded,"probabilities to native, bilinear, then thresholded",0.828067,0.834609,0.824658,0.806063,0.865020,0.880729,161204,185775,181901,223723,
test_022_n,square,test,expert,1274,graded,"probabilities to native, bilinear, then thresholded",0.830598,0.861562,0.818293,0.852451,0.849731,0.903760,64806,69116,78970,90047,
test_024_n,square,test,expert,1274,graded,"probabilities to native, bilinear, then thresholded",0.776616,0.796490,0.780792,0.805325,0.861023,0.898906,68297,71953,65043,94478,
test_027_g,large,test,expert,2094,graded,"probabilities to native, bilinear, then thresholded",0.853068,0.898789,0.869300,0.883364,0.874327,0.908869,146647,154027,182722,185094,
test_035_a,square,test,expert,1275,graded,"probabilities to native, bilinear, then thresholded",0.848247,0.866878,0.853174,0.876964,0.890386,0.927966,70060,67851,75334,82967,
test_040_g,square,test,expert,1277,graded,"probabilities to native, bilinear, then thresholded",0.784406,0.832805,0.794941,0.839869,0.844485,0.921786,62135,67886,68124,96023,
test_044_n,square,test,expert,1280,graded,"probabilities to native, bilinear, then thresholded",0.780458,0.835736,0.816067,0.874323,0.842758,0.928481,58195,66556,74768,87250,
test_047_a,square,test,expert,1275,graded,"probabilities to native, bilinear, then thresholded",0.852240,0.895546,0.862330,0.908107,0.883336,0.947638,60406,71018,70374,82981,
test_048_d,large,test,expert,2093,graded,"probabilities to native, bilinear, then thresholded",0.801850,0.779122,0.857280,0.862602,0.887084,0.904240,154358,200802,153827,243151,
test_052_n,square,test,expert,1279,graded,"probabilities to native, bilinear, then thresholded",0.796149,0.846872,0.807752,0.837807,0.855348,0.920837,52329,55827,60160,75810,
test_064_d,square,test,expert,1280,graded,"probabilities to native, bilinear, then thresholded",0.837852,0.901369,0.848951,0.894252,0.880279,0.944115,65081,73459,78097,84788,
test_074_n,square,test,expert,1280,graded,"probabilities to native, bilinear, then thresholded",0.830559,0.842435,0.830499,0.840325,0.897021,0.940329,66186,65768,70534,78379,
test_077_g,square,test,expert,1280,graded,"probabilities to native, bilinear, then thresholded",0.757218,0.820761,0.796474,0.853332,0.844908,0.929466,51722,61746,64176,82226,
test_078_d,square,test,expert,1275,graded,"probabilities to native, bilinear, then thresholded",0.784535,0.818408,0.831223,0.862221,0.849814,0.913577,58053,72573,72562,95163,
test_086_n,square,test,expert,1275,graded,"probabilities to native, bilinear, then thresholded",0.821821,0.887233,0.838594,0.886089,0.854444,0.918758,50989,58645,64844,74838,
test_090_g,square,test,expert,1276,graded,"probabilities to native, bilinear, then thresholded",0.817881,0.862748,0.803939,0.846956,0.848401,0.924653,61292,62327,74855,88692,
test_095_g,square,test,expert,1273,graded,"probabilities to native, bilinear, then thresholded",0.761115,0.793954,0.719063,0.773604,0.822532,0.922199,62110,52146,76710,81603,
test_099_d,square,test,expert,1275,graded,"probabilities to native, bilinear, then thresholded",0.802051,0.818625,0.825479,0.831909,0.874981,0.934597,64425,69088,77955,83948,
train_001_g,square,train,expert,1277,graded,"probabilities to native, bilinear, then thresholded",0.805625,0.850621,0.837469,0.874133,0.875608,0.940281,54903,70799,69326,85300,
train_002_n,square,train,expert,1280,graded,"probabilities to native, bilinear, then thresholded",0.807413,0.857661,0.851834,0.883248,0.879733,0.953807,63746,80527,69217,97921,
train_003_n,square,train,expert,1280,graded,"probabilities to native, bilinear, then thresholded",0.826104,0.822785,0.851383,0.840236,0.904256,0.943730,59351,77623,60094,91819,
train_004_d,square,train,expert,1275,graded,"probabilities to native, bilinear, then thresholded",0.753446,0.766872,0.797648,0.791519,0.867293,0.925676,45715,54895,54186,65830,
train_005_n,square,train,expert,1280,graded,"probabilities to native, bilinear, then thresholded",0.816198,0.816235,0.810516,0.823674,0.885832,0.917791,65760,64547,70136,75053,
train_006_a,square,train,expert,1280,graded,"probabilities to native, bilinear, then thresholded",0.806116,0.797959,0.792799,0.791793,0.905304,0.947956,73522,69116,81736,74368,
train_008_n,large,train,expert,2094,graded,"probabilities to native, bilinear, then thresholded",0.810038,0.811526,0.834081,0.827004,0.858363,0.873042,166372,193357,187693,212057,
train_009_d,large,train,expert,2093,graded,"probabilities to native, bilinear, then thresholded",0.799337,0.786909,0.825825,0.817315,0.852645,0.867361,185074,202664,207614,241193,
train_010_d,large,train,expert,2094,graded,"probabilities to native, bilinear, then thresholded",0.778545,0.762893,0.795714,0.790902,0.838666,0.854625,159252,203015,185892,234210,
train_011_n,large,train,expert,2093,graded,"probabilities to native, bilinear, then thresholded",0.792409,0.783871,0.818783,0.795687,0.843108,0.853011,163727,177370,176605,204504,
train_012_n,large,train,expert,2094,graded,"probabilities to native, bilinear, then thresholded",0.754968,0.794472,0.813531,0.777575,0.826372,0.854000,153353,183601,211759,215007,
train_013_a,square,train,expert,1277,graded,"probabilities to native, bilinear, then thresholded",0.808752,0.856844,0.815166,0.850013,0.845500,0.914193,63450,75979,76086,98248,
train_014_d,square,train,expert,1276,graded,"probabilities to native, bilinear, then thresholded",0.744721,0.794529,0.781917,0.815660,0.844329,0.913632,61749,74509,86532,87324,
train_015_n,square,train,expert,1276,graded,"probabilities to native, bilinear, then thresholded",0.774369,0.795112,0.808868,0.822425,0.871550,0.930295,71675,85454,80188,100480,
train_017_g,square,train,expert,1279,graded,"probabilities to native, bilinear, then thresholded",0.791283,0.882395,0.789070,0.832628,0.829099,0.923995,64746,66447,86181,89486,
train_019_g,square,train,expert,1280,graded,"probabilities to native, bilinear, then thresholded",0.850472,0.877779,0.804868,0.845416,0.879474,0.950572,58831,51287,66711,63179,
train_020_n,large,train,expert,2094,graded,"probabilities to native, bilinear, then thresholded",0.793407,0.791003,0.819936,0.803163,0.864945,0.890130,168435,189518,193586,234103,
train_021_n,large,train,expert,2095,graded,"probabilities to native, bilinear, then thresholded",0.783823,0.756622,0.805608,0.772342,0.856622,0.862228,180159,194325,210733,228295,
train_023_n,square,train,expert,1273,graded,"probabilities to native, bilinear, then thresholded",0.769567,0.842834,0.775973,0.822660,0.806395,0.892616,51857,55290,73164,83220,
train_025_g,large,train,expert,2093,graded,"probabilities to native, bilinear, then thresholded",0.870963,0.866595,0.863619,0.850898,0.887109,0.888462,170612,173380,181805,191348,
train_026_g,large,train,expert,2093,graded,"probabilities to native, bilinear, then thresholded",0.848583,0.860180,0.853997,0.856449,0.879681,0.900511,161258,171730,189878,215803,
train_028_g,large,train,expert,2095,graded,"probabilities to native, bilinear, then thresholded",0.857408,0.880552,0.848183,0.851043,0.874691,0.898234,164744,178546,196841,205883,
train_029_d,large,train,expert,2096,graded,"probabilities to native, bilinear, then thresholded",0.713716,0.732681,0.774407,0.795896,0.820194,0.870056,129576,169764,154523,254744,
train_030_a,square,train,expert,1275,graded,"probabilities to native, bilinear, then thresholded",0.862407,0.899610,0.883091,0.916253,0.901283,0.958277,76143,79619,80994,92900,
train_031_g,square,train,expert,1277,graded,"probabilities to native, bilinear, then thresholded",0.799804,0.871021,0.820944,0.862058,0.844159,0.917980,51246,63040,70934,80641,
train_032_a,square,train,expert,1278,graded,"probabilities to native, bilinear, then thresholded",0.856052,0.863677,0.867779,0.891228,0.892521,0.928790,59810,65027,67430,77878,
train_033_g,square,train,expert,1273,graded,"probabilities to native, bilinear, then thresholded",0.822024,0.844168,0.835435,0.865147,0.876396,0.933167,63370,69315,69996,84971,
train_034_g,square,train,expert,1275,graded,"probabilities to native, bilinear, then thresholded",0.789594,0.824386,0.824438,0.834880,0.868699,0.924325,54137,71863,72138,85141,
train_036_a,large,train,expert,2095,graded,"probabilities to native, bilinear, then thresholded",0.751472,0.791873,0.812594,0.837527,0.839523,0.896045,139810,185784,166429,242430,
train_037_n,large,train,expert,2093,graded,"probabilities to native, bilinear, then thresholded",0.858784,0.867593,0.864144,0.866579,0.877353,0.892121,141397,203890,156792,227779,
train_038_n,large,train,expert,2093,graded,"probabilities to native, bilinear, then thresholded",0.828938,0.806955,0.858056,0.847893,0.889717,0.907520,157713,212419,161826,257450,
train_039_n,square,train,expert,1279,graded,"probabilities to native, bilinear, then thresholded",0.812774,0.833635,0.804434,0.795731,0.889935,0.941828,66476,68080,76912,79241,
train_041_n,square,train,expert,1275,graded,"probabilities to native, bilinear, then thresholded",0.824721,0.857026,0.843057,0.864578,0.883160,0.941834,62431,69664,70460,80034,
train_042_a,square,train,expert,1273,graded,"probabilities to native, bilinear, then thresholded",0.849097,0.867398,0.840205,0.835153,0.868611,0.895658,70235,76010,77840,78457,
train_043_n,square,train,expert,1279,graded,"probabilities to native, bilinear, then thresholded",0.807086,0.864573,0.843502,0.896065,0.867126,0.947598,58179,71037,68147,89534,
train_045_a,square,train,expert,1278,graded,"probabilities to native, bilinear, then thresholded",0.801536,0.848898,0.756959,0.765047,0.834144,0.894518,59031,60118,75074,72946,
train_046_n,large,train,expert,2093,graded,"probabilities to native, bilinear, then thresholded",0.820144,0.845282,0.855420,0.875356,0.877392,0.906014,173770,204756,193334,247492,
train_049_a,square,train,expert,1276,graded,"probabilities to native, bilinear, then thresholded",0.770393,0.803758,0.830261,0.822493,0.879903,0.942675,58898,77134,78881,80655,
train_050_a,square,train,expert,1273,graded,"probabilities to native, bilinear, then thresholded",0.837435,0.859320,0.837893,0.841958,0.886699,0.935276,69906,72537,78939,83638,
train_051_a,square,train,expert,1274,graded,"probabilities to native, bilinear, then thresholded",0.831448,0.875281,0.843677,0.870309,0.873942,0.929146,58862,70050,67366,89447,
train_053_a,square,train,expert,1275,graded,"probabilities to native, bilinear, then thresholded",0.837125,0.888735,0.892299,0.915273,0.898731,0.943675,66171,86176,72647,94862,
train_054_g,square,train,expert,1276,graded,"probabilities to native, bilinear, then thresholded",0.830375,0.870968,0.868101,0.906213,0.884710,0.945911,68013,74602,75857,88773,
train_055_a,square,train,expert,1279,graded,"probabilities to native, bilinear, then thresholded",0.812318,0.864377,0.804033,0.844138,0.847261,0.924463,55150,58334,70451,74061,
train_056_a,square,train,expert,1275,graded,"probabilities to native, bilinear, then thresholded",0.818093,0.828666,0.795937,0.836005,0.869217,0.936237,59875,60191,62539,77928,
train_057_a,square,train,expert,1280,graded,"probabilities to native, bilinear, then thresholded",0.671230,0.736821,0.771447,0.781636,0.849801,0.922132,61635,61718,54519,82196,
train_058_d,square,train,expert,1276,graded,"probabilities to native, bilinear, then thresholded",0.820385,0.854925,0.843507,0.868453,0.856717,0.907354,58198,75463,69603,99267,
train_059_d,square,train,expert,1276,graded,"probabilities to native, bilinear, then thresholded",0.772635,0.800537,0.834129,0.841354,0.838805,0.877741,52869,72255,66934,85958,
train_060_n,square,train,expert,1279,graded,"probabilities to native, bilinear, then thresholded",0.755509,0.757519,0.739016,0.756732,0.808679,0.871148,44118,62789,54229,96282,
train_061_a,large,train,expert,2093,graded,"probabilities to native, bilinear, then thresholded",0.814858,0.806410,0.792318,0.785477,0.860193,0.904579,159440,151854,170961,218081,
train_062_g,square,train,expert,1274,graded,"probabilities to native, bilinear, then thresholded",0.818551,0.819146,0.775890,0.799059,0.853380,0.917732,66287,60019,74469,89430,
train_063_a,square,train,expert,1274,graded,"probabilities to native, bilinear, then thresholded",0.847619,0.870543,0.819254,0.847050,0.868518,0.916684,58640,59224,67898,75855,
train_065_a,square,train,expert,1280,graded,"probabilities to native, bilinear, then thresholded",0.783774,0.809594,0.806592,0.802379,0.885330,0.936836,59754,66705,58793,87125,
train_066_n,square,train,expert,1275,graded,"probabilities to native, bilinear, then thresholded",0.824823,0.873666,0.837365,0.870873,0.849062,0.905677,48071,52964,63599,66635,
train_067_g,square,train,expert,1277,graded,"probabilities to native, bilinear, then thresholded",0.804143,0.846019,0.837260,0.862965,0.863899,0.921893,64808,77398,80706,91780,
train_068_a,square,train,expert,1280,graded,"probabilities to native, bilinear, then thresholded",0.787183,0.837819,0.785450,0.821739,0.863519,0.937870,44509,46079,49022,63555,
train_069_n,square,train,expert,1277,graded,"probabilities to native, bilinear, then thresholded",0.819101,0.863218,0.816144,0.844219,0.861647,0.927623,62457,70124,71585,83469,
train_070_g,square,train,expert,1275,graded,"probabilities to native, bilinear, then thresholded",0.854354,0.888184,0.859514,0.886160,0.878782,0.926147,67532,72663,76104,87872,
train_071_n,square,train,expert,1275,graded,"probabilities to native, bilinear, then thresholded",0.818155,0.867573,0.845966,0.857903,0.867804,0.923119,63982,82799,76385,102771,
train_072_n,square,train,expert,1274,graded,"probabilities to native, bilinear, then thresholded",0.861137,0.891000,0.851229,0.869819,0.895850,0.945109,74543,73818,82417,85857,
train_073_d,square,train,expert,1274,graded,"probabilities to native, bilinear, then thresholded",0.849324,0.866528,0.829804,0.860912,0.894271,0.955242,70728,73423,72254,96928,
train_075_d,square,train,expert,1277,graded,"probabilities to native, bilinear, then thresholded",0.809381,0.822663,0.837671,0.843580,0.878111,0.932953,61798,68171,74526,82246,
train_076_d,square,train,expert,1280,graded,"probabilities to native, bilinear, then thresholded",0.827903,0.836384,0.847232,0.859045,0.889512,0.937457,56802,71610,58470,86970,
train_079_n,square,train,expert,1280,graded,"probabilities to native, bilinear, then thresholded",0.830556,0.880883,0.817711,0.842852,0.866503,0.933542,55587,61933,65137,76644,
train_080_n,square,train,expert,1276,graded,"probabilities to native, bilinear, then thresholded",0.788436,0.803404,0.835143,0.835342,0.881892,0.928065,64172,77587,77090,91869,
train_081_d,square,train,expert,1277,graded,"probabilities to native, bilinear, then thresholded",0.800410,0.806322,0.794595,0.796987,0.872202,0.911297,75946,75675,87173,96254,
train_082_n,square,train,expert,1280,graded,"probabilities to native, bilinear, then thresholded",0.772322,0.775846,0.745592,0.723018,0.875496,0.920551,71138,63540,73263,79600,
train_083_g,square,train,expert,1277,graded,"probabilities to native, bilinear, then thresholded",0.765567,0.749807,0.755650,0.752707,0.887778,0.925750,81858,71637,91164,90168,
train_084_d,square,train,expert,1274,graded,"probabilities to native, bilinear, then thresholded",0.866218,0.881242,0.844709,0.885125,0.888268,0.941868,75742,74844,80438,95250,
train_085_n,square,train,expert,1274,graded,"probabilities to native, bilinear, then thresholded",0.765367,0.785817,0.734484,0.759943,0.887910,0.936055,80045,62113,77205,87298,
train_087_d,square,train,expert,1280,graded,"probabilities to native, bilinear, then thresholded",0.796997,0.822370,0.781098,0.792672,0.873282,0.939444,63942,57192,70573,73821,
train_088_g,square,train,expert,1275,graded,"probabilities to native, bilinear, then thresholded",0.853949,0.891062,0.853813,0.880701,0.880304,0.929121,65181,71664,75619,86558,
train_089_n,square,train,expert,1275,graded,"probabilities to native, bilinear, then thresholded",0.817707,0.870187,0.852391,0.867668,0.869413,0.926839,63308,84087,76385,102771,
train_091_n,square,train,expert,1276,graded,"probabilities to native, bilinear, then thresholded",0.804049,0.862283,0.803222,0.854419,0.842076,0.916157,65406,61958,83264,81925,
train_092_n,square,train,expert,1279,graded,"probabilities to native, bilinear, then thresholded",0.715819,0.790507,0.738930,0.773618,0.821035,0.898526,58656,65210,77465,91606,
train_093_n,square,train,expert,1277,graded,"probabilities to native, bilinear, then thresholded",0.679348,0.720247,0.740133,0.765446,0.873122,0.934878,59426,71258,67799,90121,
train_094_n,square,train,expert,1277,graded,"probabilities to native, bilinear, then thresholded",0.783882,0.818786,0.815155,0.843441,0.844568,0.903206,56012,62537,66310,86691,
train_096_d,square,train,expert,1276,graded,"probabilities to native, bilinear, then thresholded",0.852642,0.890005,0.872304,0.883771,0.896463,0.946880,77026,86526,86569,98820,
train_097_d,large,train,expert,2093,graded,"probabilities to native, bilinear, then thresholded",0.801706,0.809813,0.839696,0.824729,0.859935,0.877594,154553,202910,191267,254377,
train_098_d,large,train,expert,2093,graded,"probabilities to native, bilinear, then thresholded",0.781193,0.796625,0.814663,0.806714,0.872710,0.923408,167823,179839,186901,227247,
train_100_n,square,train,expert,1279,graded,"probabilities to native, bilinear, then thresholded",0.749027,0.797774,0.744528,0.717862,0.848709,0.912966,58072,59544,80724,62340,
