key,grade,readers,outcome,verdict,gradeable,note
train_100_a,good,,graded,,0.375652,
train_101_a,good,,graded,,0.791883,
train_102_a,usable,,graded,,0.371771,
train_103_a,good,,graded,,0.635723,
train_104_a,good,,graded,,0.607604,
train_105_a,good,,graded,,0.559939,
train_106_a,usable,,graded,,0.054098,
train_107_a,usable,,graded,,0.268077,
train_108_a,usable,,graded,,0.182448,
train_109_a,usable,,graded,,0.130650,
train_10_a,good,,graded,,0.788723,
train_110_a,good,,graded,,0.420511,
train_111_a,good,,graded,,0.332154,
train_112_a,good,,graded,,0.830848,
train_113_a,good,,graded,,0.700185,
train_114_a,good,,graded,,0.740057,
train_115_a,good,,graded,,0.862978,
train_116_a,good,,graded,,0.875984,
train_117_a,good,,graded,,0.353637,
train_118_a,good,,graded,,0.446480,
train_119_a,good,,graded,,0.733280,
train_11_a,good,,graded,,0.807473,
train_120_a,good,,graded,,0.439395,
train_121_a,good,,graded,,0.568280,
train_122_a,good,,graded,,0.345854,
train_123_a,good,,graded,,0.315179,
train_124_a,good,,graded,,0.406774,
train_125_a,good,,graded,,0.749734,
train_126_a,good,,graded,,0.482355,
train_127_a,good,,graded,,0.348771,
train_128_a,good,,graded,,0.340511,
train_129_a,good,,graded,,0.723262,
train_12_a,good,,graded,,0.819185,
train_130_a,good,,graded,,0.438506,
train_131_a,usable,,graded,,0.341872,
train_132_a,good,,graded,,0.612992,
train_133_a,good,,graded,,0.827979,
train_134_a,good,,graded,,0.225133,
train_135_a,good,,graded,,0.762220,
train_136_a,good,,graded,,0.811534,
train_137_a,good,,graded,,0.693089,
train_138_a,usable,,graded,,0.194793,
train_139_a,good,,graded,,0.206237,
train_13_a,good,,graded,,0.815207,
train_140_a,good,,graded,,0.508293,
train_141_a,good,,graded,,0.306889,
train_142_a,good,,graded,,0.421528,
train_143_a,bad,,graded,,0.363083,
train_144_a,good,,graded,,0.269116,
train_145_a,good,,graded,,0.513803,
train_146_a,good,,graded,,0.436555,
train_147_a,good,,graded,,0.628806,
train_148_a,good,,graded,,0.278712,
train_149_a,good,,graded,,0.276326,
train_14_a,good,,graded,,0.474559,
train_150_a,good,,graded,,0.788256,
train_151_d,usable,,graded,,0.263173,
train_152_d,good,,graded,,0.722138,
train_153_d,good,,graded,,0.728676,
train_154_d,good,,graded,,0.528300,
train_155_d,bad,,graded,,0.116458,
train_156_d,good,,graded,,0.630654,
train_157_d,good,,graded,,0.299003,
train_158_d,good,,graded,,0.248279,
train_159_d,good,,graded,,0.471890,
train_15_a,good,,graded,,0.739326,
train_160_d,good,,graded,,0.410341,
train_161_d,good,,graded,,0.725912,
train_162_d,good,,graded,,0.481889,
train_163_d,bad,,graded,,0.078805,
train_164_d,good,,graded,,0.798562,
train_165_d,usable,,graded,,0.100136,
train_166_d,bad,,graded,,0.079678,
train_167_d,good,,graded,,0.357404,
train_168_d,usable,,graded,,0.108305,
train_169_d,usable,,graded,,0.277552,
train_16_a,good,,graded,,0.611974,
train_170_d,good,,graded,,0.364058,
train_171_d,good,,graded,,0.661466,
train_172_d,good,,graded,,0.812708,
train_173_d,bad,,graded,,0.108007,
train_174_d,good,,graded,,0.478422,
train_175_d,usable,,graded,,0.152028,
train_176_d,good,,graded,,0.491933,
train_177_d,good,,graded,,0.789253,
train_178_d,good,,graded,,0.585601,
train_179_d,good,,graded,,0.601130,
train_17_a,good,,graded,,0.672501,
train_180_d,good,,graded,,0.298471,
train_181_d,good,,graded,,0.126856,
train_182_d,good,,graded,,0.650756,
train_183_d,good,,graded,,0.275209,
train_184_d,good,,graded,,0.551104,
train_185_d,good,,graded,,0.732847,
train_186_d,good,,graded,,0.313020,
train_187_d,good,,graded,,0.224797,
train_188_d,good,,graded,,0.656258,
train_189_d,usable,,graded,,0.371547,
train_18_a,good,,graded,,0.533452,
train_190_d,good,,graded,,0.413029,
train_191_d,good,,graded,,0.784124,
train_192_d,good,,graded,,0.721356,
train_193_d,good,,graded,,0.776860,
train_194_d,good,,graded,,0.310969,
train_195_d,good,,graded,,0.683509,
train_196_d,good,,graded,,0.544090,
train_197_d,good,,graded,,0.828222,
train_198_d,good,,graded,,0.271070,
train_199_d,usable,,graded,,0.186527,
train_19_a,good,,graded,,0.736719,
train_1_a,good,,graded,,0.675918,
train_200_d,good,,graded,,0.427651,
train_201_d,bad,,graded,,0.055842,
train_202_d,good,,graded,,0.309783,
train_203_d,good,,graded,,0.724515,
train_204_d,good,,graded,,0.250847,
train_205_d,good,,graded,,0.591193,
train_206_d,good,,graded,,0.355104,
train_207_d,good,,graded,,0.806956,
train_208_d,good,,graded,,0.387788,
train_209_d,good,,graded,,0.285957,
train_20_a,good,,graded,,0.770603,
train_210_d,usable,,graded,,0.235197,
train_211_d,good,,graded,,0.152152,
train_212_d,good,,graded,,0.581934,
train_213_d,good,,graded,,0.677737,
train_214_d,good,,graded,,0.848625,
train_215_d,bad,,graded,,0.114570,
train_216_d,good,,graded,,0.529691,
train_217_d,good,,graded,,0.566925,
train_218_d,good,,graded,,0.742867,
train_219_d,usable,,graded,,0.481952,
train_21_a,good,,graded,,0.421380,
train_220_d,good,,graded,,0.355275,
train_221_d,good,,graded,,0.297008,
train_222_d,bad,,graded,,0.031095,
train_223_d,usable,,graded,,0.197961,
train_224_d,good,,graded,,0.328777,
train_225_d,good,,graded,,0.519818,
train_226_d,good,,graded,,0.569186,
train_227_d,good,,graded,,0.588064,
train_228_d,good,,graded,,0.652556,
train_229_d,good,,graded,,0.831279,
train_22_a,good,,graded,,0.712536,
train_230_d,good,,graded,,0.443414,
train_231_d,bad,,graded,,0.124894,
train_232_d,good,,graded,,0.202209,
train_233_d,good,,graded,,0.398433,
train_234_d,good,,graded,,0.169838,
train_235_d,good,,graded,,0.655762,
train_236_d,good,,graded,,0.656978,
train_237_d,bad,,graded,,0.145772,
train_238_d,good,,graded,,0.578920,
train_239_d,good,,graded,,0.691524,
train_23_a,good,,graded,,0.680405,
train_240_d,good,,graded,,0.610222,
train_241_d,good,,graded,,0.223534,
train_242_d,usable,,graded,,0.342886,
train_243_d,good,,graded,,0.385981,
train_244_d,good,,graded,,0.700105,
train_245_d,good,,graded,,0.160049,
train_246_d,good,,graded,,0.532779,
train_247_d,usable,,graded,,0.250204,
train_248_d,good,,graded,,0.490841,
train_249_d,good,,graded,,0.488721,
train_24_a,good,,graded,,0.780846,
train_250_d,usable,,graded,,0.110390,
train_251_d,good,,graded,,0.331275,
train_252_d,usable,,graded,,0.121463,
train_253_d,good,,graded,,0.291527,
train_254_d,good,,graded,,0.736316,
train_255_d,good,,graded,,0.332109,
train_256_d,bad,,graded,,0.070271,
train_257_d,good,,graded,,0.564023,
train_258_d,good,,graded,,0.382189,
train_259_d,good,,graded,,0.182379,
train_25_a,good,,graded,,0.860650,
train_260_d,usable,,graded,,0.230760,
train_261_d,good,,graded,,0.719790,
train_262_d,good,,graded,,0.609748,
train_263_d,good,,graded,,0.716485,
train_264_d,good,,graded,,0.753612,
train_265_d,good,,graded,,0.207311,
train_266_d,usable,,graded,,0.437287,
train_267_d,usable,,graded,,0.408916,
train_268_d,usable,,graded,,0.148959,
train_269_d,usable,,graded,,0.066725,
train_26_a,good,,graded,,0.851122,
train_270_d,usable,,graded,,0.050515,
train_271_d,good,,graded,,0.636596,
train_272_d,good,,graded,,0.695700,
train_273_d,good,,graded,,0.613533,
train_274_d,good,,graded,,0.650061,
train_275_d,good,,graded,,0.403915,
train_276_d,good,,graded,,0.705304,
train_277_d,bad,,graded,,0.149905,
train_278_d,usable,,graded,,0.082842,
train_279_d,good,,graded,,0.734905,
train_27_a,good,,graded,,0.408427,
train_280_d,bad,,graded,,0.086755,
train_281_d,bad,,graded,,0.129629,
train_282_d,good,,graded,,0.323717,
train_283_d,usable,,graded,,0.248776,
train_284_d,bad,,graded,,0.047874,
train_285_d,usable,,graded,,0.180964,
train_286_d,good,,graded,,0.548713,
train_287_d,usable,,graded,,0.180111,
train_288_d,good,,graded,,0.335435,
train_289_d,good,,graded,,0.747534,
train_28_a,good,,graded,,0.814792,
train_290_d,good,,graded,,0.517506,
train_291_d,good,,graded,,0.729626,
train_292_d,good,,graded,,0.787817,
train_293_d,good,,graded,,0.429336,
train_294_d,usable,,graded,,0.245063,
train_295_d,good,,graded,,0.658490,
train_296_d,good,,graded,,0.500393,
train_297_d,usable,,graded,,0.095311,
train_298_d,usable,,graded,,0.260316,
train_299_d,usable,,graded,,0.291514,
train_29_a,bad,,graded,,0.265243,
train_2_a,good,,graded,,0.611067,
train_300_d,good,,graded,,0.488092,
train_301_g,bad,,graded,,0.052663,
train_302_g,usable,,graded,,0.061831,
train_303_g,usable,,graded,,0.216925,
train_304_g,good,,graded,,0.279087,
train_305_g,good,,graded,,0.676814,
train_306_g,good,,graded,,0.201905,
train_307_g,usable,,graded,,0.159224,
train_308_g,good,,graded,,0.229367,
train_309_g,usable,,graded,,0.164497,
train_30_a,good,,graded,,0.687485,
train_310_g,good,,graded,,0.191773,
train_311_g,good,,graded,,0.383460,
train_312_g,good,,graded,,0.702896,
train_313_g,good,,graded,,0.654020,
train_314_g,good,,graded,,0.404223,
train_315_g,good,,graded,,0.651961,
train_316_g,bad,,graded,,0.076770,
train_317_g,usable,,graded,,0.461151,
train_318_g,good,,graded,,0.249849,
train_319_g,bad,,graded,,0.015139,
train_31_a,good,,graded,,0.692842,
train_320_g,usable,,graded,,0.137807,
train_321_g,bad,,graded,,0.081109,
train_322_g,good,,graded,,0.310826,
train_323_g,bad,,graded,,0.014881,
train_324_g,bad,,graded,,0.031100,
train_325_g,bad,,graded,,0.019282,
train_326_g,bad,,graded,,0.013308,
train_327_g,good,,graded,,0.491364,
train_328_g,usable,,graded,,0.161088,
train_329_g,good,,graded,,0.579888,
train_32_a,good,,graded,,0.801326,
train_330_g,usable,,graded,,0.077247,
train_331_g,bad,,graded,,0.010590,
train_332_g,usable,,graded,,0.225406,
train_333_g,good,,graded,,0.496157,
train_334_g,bad,,graded,,0.024158,
train_335_g,usable,,graded,,0.134982,
train_336_g,usable,,graded,,0.310757,
train_337_g,usable,,graded,,0.132098,
train_338_g,usable,,graded,,0.074510,
train_339_g,good,,graded,,0.407667,
train_33_a,good,,graded,,0.674512,
train_340_g,good,,graded,,0.616415,
train_341_g,bad,,graded,,0.011621,
train_342_g,good,,graded,,0.542937,
train_343_g,good,,graded,,0.442828,
train_344_g,good,,graded,,0.624021,
train_345_g,good,,graded,,0.806300,
train_346_g,good,,graded,,0.521908,
train_347_g,good,,graded,,0.729372,
train_348_g,good,,graded,,0.383644,
train_349_g,usable,,graded,,0.052274,
train_34_a,good,,graded,,0.446480,
train_350_g,good,,graded,,0.113732,
train_351_g,good,,graded,,0.500982,
train_352_g,usable,,graded,,0.060961,
train_353_g,bad,,graded,,0.020952,
train_354_g,usable,,graded,,0.158378,
train_355_g,usable,,graded,,0.126779,
train_356_g,good,,graded,,0.721672,
train_357_g,good,,graded,,0.621091,
train_358_g,good,,graded,,0.771927,
train_359_g,good,,graded,,0.798459,
train_35_a,good,,graded,,0.615728,
train_360_g,bad,,graded,,0.013737,
train_361_g,bad,,graded,,0.006306,
train_362_g,usable,,graded,,0.090096,
train_363_g,bad,,graded,,0.016635,
train_364_g,bad,,graded,,0.018918,
train_365_g,usable,,graded,,0.131115,
train_366_g,bad,,graded,,0.038731,
train_367_g,good,,graded,,0.642635,
train_368_g,usable,,graded,,0.495039,
train_369_g,usable,,graded,,0.263891,
train_36_a,good,,graded,,0.597222,
train_370_g,usable,,graded,,0.224939,
train_371_g,bad,,graded,,0.158778,
train_372_g,usable,,graded,,0.317917,
train_373_g,bad,,graded,,0.007682,
train_374_g,usable,,graded,,0.251288,
train_375_g,usable,,graded,,0.336043,
train_376_g,good,,graded,,0.512396,
train_377_g,usable,,graded,,0.525349,
train_378_g,good,,graded,,0.541810,
train_379_g,usable,,graded,,0.171875,
train_37_a,good,,graded,,0.770190,
train_380_g,bad,,graded,,0.018926,
train_381_g,bad,,graded,,0.125062,
train_382_g,bad,,graded,,0.222143,
train_383_g,good,,graded,,0.728509,
train_384_g,bad,,graded,,0.012552,
train_385_g,bad,,graded,,0.014607,
train_386_g,good,,graded,,0.216202,
train_387_g,good,,graded,,0.309818,
train_388_g,good,,graded,,0.515104,
train_389_g,good,,graded,,0.472113,
train_38_a,good,,graded,,0.598344,
train_390_g,good,,graded,,0.380678,
train_391_g,usable,,graded,,0.518095,
train_392_g,good,,graded,,0.631055,
train_393_g,usable,,graded,,0.189261,
train_394_g,bad,,graded,,0.063216,
train_395_g,usable,,graded,,0.136042,
train_396_g,good,,graded,,0.483650,
train_397_g,good,,graded,,0.334470,
train_398_g,good,,graded,,0.280119,
train_399_g,usable,,graded,,0.231472,
train_39_a,good,,graded,,0.612992,
train_3_a,good,,graded,,0.691014,
train_400_g,bad,,graded,,0.038950,
train_401_g,bad,,graded,,0.077954,
train_402_g,good,,graded,,0.259811,
train_403_g,good,,graded,,0.643133,
train_404_g,bad,,graded,,0.026182,
train_405_g,bad,,graded,,0.102486,
train_406_g,bad,,graded,,0.069988,
train_407_g,good,,graded,,0.309451,
train_408_g,good,,graded,,0.486492,
train_409_g,good,,graded,,0.565710,
train_40_a,good,,graded,,0.428757,
train_410_g,bad,,graded,,0.132990,
train_411_g,good,,graded,,0.388346,
train_412_g,good,,graded,,0.652631,
train_413_g,good,,graded,,0.450773,
train_414_g,good,,graded,,0.295165,
train_415_g,usable,,graded,,0.363174,
train_416_g,bad,,graded,,0.024674,
train_417_g,good,,graded,,0.681386,
train_418_g,good,,graded,,0.745896,
train_419_g,good,,graded,,0.718343,
train_41_a,good,,graded,,0.580804,
train_420_g,good,,graded,,0.266968,
train_421_g,good,,graded,,0.635228,
train_422_g,good,,graded,,0.520380,
train_423_g,good,,graded,,0.363649,
train_424_g,good,,graded,,0.690746,
train_425_g,good,,graded,,0.432717,
train_426_g,good,,graded,,0.474634,
train_427_g,usable,,graded,,0.062522,
train_428_g,good,,graded,,0.291600,
train_429_g,good,,graded,,0.273704,
train_42_a,good,,graded,,0.831329,
train_430_g,good,,graded,,0.300723,
train_431_g,good,,graded,,0.455518,
train_432_g,good,,graded,,0.420143,
train_433_g,good,,graded,,0.332565,
train_434_g,bad,,graded,,0.045136,
train_435_g,good,,graded,,0.708638,
train_436_g,good,,graded,,0.678886,
train_437_g,good,,graded,,0.567633,
train_438_g,bad,,graded,,0.070143,
train_439_g,usable,,graded,,0.208647,
train_43_a,good,,graded,,0.704011,
train_440_g,good,,graded,,0.321673,
train_441_g,good,,graded,,0.495040,
train_442_g,bad,,graded,,0.064609,
train_443_g,bad,,graded,,0.024467,
train_444_g,good,,graded,,0.454066,
train_445_g,good,,graded,,0.379437,
train_446_g,good,,graded,,0.409857,
train_447_g,bad,,graded,,0.015757,
train_448_g,bad,,graded,,0.012290,
train_449_g,usable,,graded,,0.113661,
train_44_a,usable,,graded,,0.270855,
train_450_g,good,,graded,,0.103276,
train_451_n,good,,graded,,0.670678,
train_452_n,good,,graded,,0.506552,
train_453_n,usable,,graded,,0.448262,
train_454_n,usable,,graded,,0.389872,
train_455_n,good,,graded,,0.606637,
train_456_n,usable,,graded,,0.235780,
train_457_n,good,,graded,,0.590923,
train_458_n,good,,graded,,0.698858,
train_459_n,good,,graded,,0.488835,
train_45_a,good,,graded,,0.789054,
train_460_n,good,,graded,,0.378046,
train_461_n,good,,graded,,0.304918,
train_462_n,good,,graded,,0.673937,
train_463_n,good,,graded,,0.306623,
train_464_n,usable,,graded,,0.297071,
train_465_n,good,,graded,,0.710263,
train_466_n,good,,graded,,0.772594,
train_467_n,good,,graded,,0.281996,
train_468_n,good,,graded,,0.271750,
train_469_n,good,,graded,,0.654815,
train_46_a,good,,graded,,0.827143,
train_470_n,good,,graded,,0.516939,
train_471_n,good,,graded,,0.631695,
train_472_n,good,,graded,,0.819992,
train_473_n,good,,graded,,0.672751,
train_474_n,good,,graded,,0.655105,
train_475_n,good,,graded,,0.514891,
train_476_n,good,,graded,,0.775402,
train_477_n,good,,graded,,0.598232,
train_478_n,good,,graded,,0.484451,
train_479_n,good,,graded,,0.352949,
train_47_a,good,,graded,,0.723626,
train_480_n,good,,graded,,0.636437,
train_481_n,good,,graded,,0.528296,
train_482_n,good,,graded,,0.715113,
train_483_n,good,,graded,,0.755033,
train_484_n,good,,graded,,0.690384,
train_485_n,good,,graded,,0.742086,
train_486_n,good,,graded,,0.721860,
train_487_n,good,,graded,,0.557271,
train_488_n,good,,graded,,0.804352,
train_489_n,good,,graded,,0.794869,
train_48_a,good,,graded,,0.757801,
train_490_n,good,,graded,,0.765443,
train_491_n,good,,graded,,0.692326,
train_492_n,good,,graded,,0.477242,
train_493_n,good,,graded,,0.144618,
train_494_n,good,,graded,,0.388795,
train_495_n,good,,graded,,0.752190,
train_496_n,good,,graded,,0.787059,
train_497_n,good,,graded,,0.533060,
train_498_n,good,,graded,,0.764954,
train_499_n,good,,graded,,0.778587,
train_49_a,good,,graded,,0.760731,
train_4_a,good,,graded,,0.453586,
train_500_n,good,,graded,,0.616704,
train_501_n,good,,graded,,0.687529,
train_502_n,good,,graded,,0.405916,
train_503_n,good,,graded,,0.748997,
train_504_n,good,,graded,,0.838811,
train_505_n,good,,graded,,0.862663,
train_506_n,good,,graded,,0.643166,
train_507_n,good,,graded,,0.630774,
train_508_n,good,,graded,,0.721259,
train_509_n,good,,graded,,0.735900,
train_50_a,good,,graded,,0.459905,
train_510_n,good,,graded,,0.251047,
train_511_n,good,,graded,,0.789907,
train_512_n,good,,graded,,0.721161,
train_513_n,good,,graded,,0.726306,
train_514_n,good,,graded,,0.645724,
train_515_n,good,,graded,,0.749204,
train_516_n,good,,graded,,0.750998,
train_517_n,good,,graded,,0.708264,
train_518_n,good,,graded,,0.461966,
train_519_n,good,,graded,,0.366905,
train_51_a,good,,graded,,0.195101,
train_520_n,good,,graded,,0.680151,
train_521_n,good,,graded,,0.692566,
train_522_n,good,,graded,,0.640273,
train_523_n,good,,graded,,0.454374,
train_524_n,good,,graded,,0.496698,
train_525_n,good,,graded,,0.151724,
train_526_n,good,,graded,,0.346190,
train_527_n,good,,graded,,0.398429,
train_528_n,good,,graded,,0.699013,
train_529_n,good,,graded,,0.244239,
train_52_a,good,,graded,,0.832563,
train_530_n,good,,graded,,0.414049,
train_531_n,usable,,graded,,0.225010,
train_532_n,good,,graded,,0.618396,
train_533_n,good,,graded,,0.381058,
train_534_n,good,,graded,,0.244700,
train_535_n,good,,graded,,0.399782,
train_536_n,good,,graded,,0.257381,
train_537_n,good,,graded,,0.127753,
train_538_n,good,,graded,,0.848669,
train_539_n,good,,graded,,0.825350,
train_53_a,good,,graded,,0.600672,
train_540_n,good,,graded,,0.481882,
train_541_n,good,,graded,,0.583056,
train_542_n,good,,graded,,0.736515,
train_543_n,good,,graded,,0.742783,
train_544_n,good,,graded,,0.651788,
train_545_n,good,,graded,,0.435259,
train_546_n,good,,graded,,0.141075,
train_547_n,good,,graded,,0.546836,
train_548_n,good,,graded,,0.687191,
train_549_n,good,,graded,,0.538174,
train_54_a,good,,graded,,0.687867,
train_550_n,good,,graded,,0.443552,
train_551_n,good,,graded,,0.659927,
train_552_n,good,,graded,,0.609734,
train_553_n,good,,graded,,0.589523,
train_554_n,good,,graded,,0.651333,
train_555_n,good,,graded,,0.671776,
train_556_n,good,,graded,,0.665605,
train_557_n,good,,graded,,0.760911,
train_558_n,good,,graded,,0.767581,
train_559_n,good,,graded,,0.819928,
train_55_a,good,,graded,,0.225133,
train_560_n,good,,graded,,0.401926,
train_561_n,good,,graded,,0.570463,
train_562_n,good,,graded,,0.356959,
train_563_n,good,,graded,,0.774980,
train_564_n,good,,graded,,0.779127,
train_565_n,good,,graded,,0.641295,
train_566_n,good,,graded,,0.640444,
train_567_n,good,,graded,,0.611827,
train_568_n,good,,graded,,0.524781,
train_569_n,good,,graded,,0.743088,
train_56_a,good,,graded,,0.495043,
train_570_n,good,,graded,,0.730958,
train_571_n,good,,graded,,0.784836,
train_572_n,good,,graded,,0.739122,
train_573_n,good,,graded,,0.758919,
train_574_n,good,,graded,,0.785704,
train_575_n,good,,graded,,0.473309,
train_576_n,good,,graded,,0.534243,
train_577_n,good,,graded,,0.789084,
train_578_n,good,,graded,,0.818164,
train_579_n,good,,graded,,0.626635,
train_57_a,good,,graded,,0.595995,
train_580_n,good,,graded,,0.529351,
train_581_n,good,,graded,,0.747748,
train_582_n,good,,graded,,0.838056,
train_583_n,good,,graded,,0.752675,
train_584_n,good,,graded,,0.798071,
train_585_n,good,,graded,,0.760979,
train_586_n,good,,graded,,0.649441,
train_587_n,good,,graded,,0.640232,
train_588_n,good,,graded,,0.613844,
train_589_n,good,,graded,,0.650627,
train_58_a,good,,graded,,0.358671,
train_590_n,good,,graded,,0.736864,
train_591_n,good,,graded,,0.820194,
train_592_n,good,,graded,,0.775147,
train_593_n,good,,graded,,0.795028,
train_594_n,good,,graded,,0.743279,
train_595_n,good,,graded,,0.493789,
train_596_n,good,,graded,,0.586679,
train_597_n,good,,graded,,0.851879,
train_598_n,good,,graded,,0.764337,
train_599_n,good,,graded,,0.818871,
train_59_a,usable,,graded,,0.083105,
train_5_a,good,,graded,,0.675615,
train_600_n,good,,graded,,0.752933,
train_60_a,good,,graded,,0.720769,
train_61_a,good,,graded,,0.568280,
train_62_a,good,,graded,,0.473072,
train_63_a,good,,graded,,0.720098,
train_64_a,good,,graded,,0.813947,
train_65_a,good,,graded,,0.697392,
train_66_a,usable,,graded,,0.277418,
train_67_a,good,,graded,,0.409429,
train_68_a,good,,graded,,0.329254,
train_69_a,good,,graded,,0.695483,
train_6_a,good,,graded,,0.709594,
train_70_a,good,,graded,,0.430453,
train_71_a,good,,graded,,0.735580,
train_72_a,good,,graded,,0.805872,
train_73_a,good,,graded,,0.803442,
train_74_a,good,,graded,,0.604889,
train_75_a,good,,graded,,0.797294,
train_76_a,bad,,graded,,0.262639,
train_77_a,usable,,graded,,0.665535,
train_78_a,good,,graded,,0.403490,
train_79_a,good,,graded,,0.480955,
train_7_a,good,,graded,,0.487422,
train_80_a,good,,graded,,0.519834,
train_81_a,good,,graded,,0.748918,
train_82_a,usable,,graded,,0.225201,
train_83_a,usable,,graded,,0.278501,
train_84_a,usable,,graded,,0.360737,
train_85_a,usable,,graded,,0.289935,
train_86_a,good,,graded,,0.698695,
train_87_a,good,,graded,,0.812124,
train_88_a,good,,graded,,0.587965,
train_89_a,good,,graded,,0.265650,
train_8_a,good,,graded,,0.435024,
train_90_a,good,,graded,,0.832220,
train_91_a,usable,,graded,,0.373535,
train_92_a,good,,graded,,0.385640,
train_93_a,good,,graded,,0.534229,
train_94_a,good,,graded,,0.451727,
train_95_a,good,,graded,,0.605811,
train_96_a,good,,graded,,0.358362,
train_97_a,good,,graded,,0.600672,
train_98_a,usable,,graded,,0.171466,
train_99_a,usable,,graded,,0.307001,
train_9_a,good,,graded,,0.500836,
