key,subset,split,grade,grade_source,pad_fraction,readers,outcome,verdict,carried_by_its_pipeline,gradeable,note
test_dr_zju_151,cfp,test,good,published,0.0000,annotator1=good;annotator2=good;annotator3=good,graded,,true,0.853751,
test_dr_zju_152,cfp,test,good,published,0.0000,annotator1=good;annotator2=good;annotator3=good,graded,,false,0.404196,
test_dr_zju_153,cfp,test,bad,published,0.0000,annotator1=bad;annotator2=bad;annotator3=bad,graded,,false,0.138512,
test_dr_zju_156,cfp,test,good,published,0.0000,annotator1=good;annotator2=good;annotator3=good,graded,,true,0.546912,
test_dr_zju_158,cfp,test,good,published,0.0000,annotator1=good;annotator2=good;annotator3=good,graded,,true,0.554930,
test_dr_zju_159,cfp,test,good,published,0.0000,annotator1=good;annotator2=good;annotator3=good,graded,,false,0.372759,
test_dr_zju_160,cfp,test,good,published,0.0000,annotator1=good;annotator2=good;annotator3=good,graded,,false,0.241921,
test_dr_zju_161,cfp,test,good,published,0.0000,annotator1=good;annotator2=good;annotator3=good,graded,,true,0.552958,
test_dr_zju_162,cfp,test,bad,published,0.0000,annotator1=bad;annotator2=bad;annotator3=bad,graded,,false,0.125043,
test_dr_zju_163,cfp,test,good,published,0.0000,annotator1=good;annotator2=good;annotator3=good,graded,,true,0.687065,
test_dr_zju_164,cfp,test,good,published,0.0000,annotator1=good;annotator2=good;annotator3=good,graded,,true,0.633529,
test_dr_zju_165,cfp,test,good,published,0.0000,annotator1=good;annotator2=good;annotator3=good,graded,,true,0.822133,
test_dr_zju_167,cfp,test,good,published,0.0000,annotator1=good;annotator2=good;annotator3=good,graded,,true,0.549667,
test_dr_zju_168,cfp,test,good,published,0.0000,annotator1=good;annotator2=good;annotator3=good,graded,,true,0.799863,
test_dr_zju_169,cfp,test,good,published,0.0000,annotator1=good;annotator2=good;annotator3=good,graded,,true,0.598372,
test_dr_zju_170,cfp,test,good,published,0.0000,annotator1=good;annotator2=good;annotator3=good,graded,,false,0.241868,
test_dr_zju_171,cfp,test,good,published,0.0000,annotator1=good;annotator2=good;annotator3=good,graded,,true,0.844173,
test_dr_zju_172,cfp,test,good,published,0.0000,annotator1=good;annotator2=good;annotator3=good,graded,,true,0.839056,
test_dr_zju_173,cfp,test,good,published,0.0000,annotator1=good;annotator2=good;annotator3=good,graded,,true,0.791152,
test_dr_zju_174,cfp,test,good,published,0.0000,annotator1=good;annotator2=good;annotator3=good,graded,,true,0.879089,
test_dr_zju_175,cfp,test,bad,published,0.0000,annotator1=bad;annotator2=bad;annotator3=bad,graded,,false,0.184271,
test_dr_zju_176,cfp,test,good,published,0.0000,annotator1=good;annotator2=good;annotator3=good,graded,,true,0.836203,
test_dr_zju_177,cfp,test,good,published,0.0000,annotator1=good;annotator2=good;annotator3=good,graded,,true,0.820466,
test_dr_zju_179,cfp,test,bad,published,0.0000,annotator1=bad;annotator2=bad;annotator3=bad,graded,,false,0.136769,
test_dr_zju_180,cfp,test,good,published,0.0000,annotator1=good;annotator2=good;annotator3=good,graded,,true,0.852102,
test_dr_zju_181,cfp,test,good,published,0.0000,annotator1=good;annotator2=good;annotator3=good,graded,,true,0.774780,
test_dr_zju_182,cfp,test,good,published,0.0000,annotator1=good;annotator2=good;annotator3=good,graded,,false,0.219378,
test_dr_zju_183,cfp,test,good,published,0.0000,annotator1=good;annotator2=good;annotator3=good,graded,,false,0.349192,
test_dr_zju_184,cfp,test,bad,published,0.0000,annotator1=bad;annotator2=bad;annotator3=bad,graded,,false,0.017694,
test_dr_zju_185,cfp,test,bad,published,0.0000,annotator1=bad;annotator2=bad;annotator3=bad,graded,,false,0.092918,
test_dr_zju_186,cfp,test,bad,published,0.0000,annotator1=bad;annotator2=bad;annotator3=bad,graded,,false,0.064254,
test_dr_zju_187,cfp,test,bad,published,0.0000,annotator1=bad;annotator2=bad;annotator3=bad,graded,,false,0.013428,
test_glaucoma_42,cfp,test,bad,published,0.0013,annotator1=bad;annotator2=bad;annotator3=bad;consensus=bad,graded,,false,0.008578,
test_glaucoma_43,cfp,test,bad,published,0.0039,annotator1=bad;annotator2=bad;annotator3=bad;consensus=bad,graded,,false,0.017979,
test_glaucoma_44,cfp,test,bad,published,0.0039,annotator1=bad;annotator2=bad;annotator3=bad;consensus=bad,graded,,false,0.239031,
test_glaucoma_45,cfp,test,bad,published,0.0020,annotator1=bad;annotator2=bad;annotator3=bad;consensus=bad,graded,,false,0.011779,
test_glaucoma_46,cfp,test,bad,published,0.0040,annotator1=bad;annotator2=bad;annotator3=bad;consensus=bad,graded,,false,0.009737,
test_glaucoma_47,cfp,test,bad,published,0.0026,annotator1=bad;annotator2=bad;annotator3=bad;consensus=bad,graded,,false,0.013326,
test_glaucoma_48,cfp,test,bad,published,0.0464,annotator1=bad;annotator2=bad;annotator3=bad;consensus=bad,graded,,false,0.007557,
test_glaucoma_49,cfp,test,bad,published,0.0026,annotator1=bad;annotator2=bad;annotator3=bad;consensus=bad,graded,,false,0.011683,
test_glaucoma_50,cfp,test,bad,published,0.0033,annotator1=bad;annotator2=bad;annotator3=bad;consensus=bad,graded,,false,0.012223,
test_glaucoma_51,cfp,test,bad,published,0.0065,annotator1=bad;annotator2=bad;annotator3=bad;consensus=bad,graded,,false,0.030951,
test_glaucoma_52,cfp,test,bad,published,0.0000,annotator1=bad;annotator2=bad;annotator3=bad;consensus=bad,graded,,false,0.024768,
test_healthy_22,cfp,test,good,published,0.0052,annotator1=good;annotator2=good;annotator3=good;consensus=good,graded,,true,0.597089,
test_healthy_23,cfp,test,good,published,0.0046,annotator1=good;annotator2=good;annotator3=good;consensus=good,graded,,false,0.481394,
test_healthy_24,cfp,test,good,published,0.0046,annotator1=good;annotator2=good;annotator3=good;consensus=good,graded,,false,0.365604,
test_healthy_25,cfp,test,good,published,0.0052,annotator1=good;annotator2=good;annotator3=good;consensus=good,graded,,true,0.635366,
test_healthy_26,cfp,test,good,published,0.0065,annotator1=good;annotator2=good;annotator3=good;consensus=good,graded,,true,0.528160,
test_local1_160,portable,test,bad,published,0.0000,annotator1=bad;annotator2=bad;annotator3=bad;consensus=bad,graded,,false,0.013556,
test_local1_161,portable,test,bad,published,0.0000,annotator1=bad;annotator2=bad;annotator3=bad;consensus=bad,graded,,false,0.017258,
test_local1_162,portable,test,bad,published,0.0000,annotator1=bad;annotator2=bad;annotator3=bad;consensus=bad,graded,,false,0.071144,
test_local1_163,portable,test,bad,published,0.0000,annotator1=bad;annotator2=bad;annotator3=bad;consensus=bad,graded,,false,0.012383,
test_local1_164,portable,test,bad,published,0.0000,annotator1=bad;annotator2=bad;annotator3=bad;consensus=bad,graded,,false,0.025188,
test_local1_165,portable,test,bad,published,0.0000,annotator1=bad;annotator2=bad;annotator3=bad;consensus=bad,graded,,false,0.014281,
test_local1_166,portable,test,bad,published,0.0000,annotator1=bad;annotator2=bad;annotator3=bad;consensus=bad,graded,,false,0.018414,
test_local1_167,portable,test,bad,published,0.0000,annotator1=bad;annotator2=bad;annotator3=bad;consensus=bad,graded,,false,0.022008,
test_local1_168,portable,test,bad,published,0.0000,annotator1=bad;annotator2=bad;annotator3=bad;consensus=bad,graded,,false,0.013556,
test_local1_169,portable,test,bad,published,0.0000,annotator1=bad;annotator2=bad;annotator3=bad;consensus=bad,graded,,false,0.071144,
test_local1_170,portable,test,bad,published,0.0000,annotator1=bad;annotator2=bad;annotator3=bad;consensus=bad,graded,,false,0.020597,
test_local1_171,portable,test,bad,published,0.0000,annotator1=bad;annotator2=bad;annotator3=bad;consensus=bad,graded,,false,0.024752,
test_local1_172,portable,test,bad,published,0.0000,annotator1=bad;annotator2=bad;annotator3=bad;consensus=bad,graded,,false,0.015584,
test_local1_173,portable,test,bad,published,0.0000,annotator1=bad;annotator2=bad;annotator3=bad;consensus=bad,graded,,false,0.029151,
test_local1_174,portable,test,bad,published,0.0000,annotator1=bad;annotator2=bad;annotator3=bad;consensus=bad,graded,,false,0.036772,
test_local1_175,portable,test,bad,published,0.0000,annotator1=bad;annotator2=bad;annotator3=bad;consensus=bad,graded,,false,0.023884,
test_local1_176,portable,test,bad,published,0.0000,annotator1=bad;annotator2=bad;annotator3=bad;consensus=bad,graded,,false,0.014915,
test_local1_177,portable,test,bad,published,0.0000,annotator1=bad;annotator2=bad;annotator3=bad;consensus=bad,graded,,false,0.013321,
test_local1_178,portable,test,good,published,0.0000,annotator1=bad;annotator2=good;annotator3=bad;consensus=good,graded,,false,0.185437,
test_local1_179,portable,test,good,published,0.0000,annotator1=good;annotator2=good;annotator3=good;consensus=good,graded,,true,0.709051,
test_local1_180,portable,test,bad,published,0.0000,annotator1=bad;annotator2=bad;annotator3=bad;consensus=bad,graded,,false,0.126881,
test_local1_181,portable,test,bad,published,0.0000,annotator1=bad;annotator2=bad;annotator3=bad;consensus=bad,graded,,false,0.021514,
test_local1_182,portable,test,bad,published,0.0000,annotator1=bad;annotator2=bad;annotator3=bad;consensus=bad,graded,,false,0.139207,
test_local1_183,portable,test,good,published,0.0000,annotator1=good;annotator2=good;annotator3=good;consensus=good,graded,,true,0.620807,
test_local1_184,portable,test,good,published,0.0000,annotator1=good;annotator2=good;annotator3=good;consensus=good,graded,,false,0.401390,
test_local1_185,portable,test,good,published,0.0000,annotator1=good;annotator2=good;annotator3=good;consensus=good,graded,,false,0.306568,
test_local1_186,portable,test,good,published,0.0000,annotator1=good;annotator2=good;annotator3=good;consensus=good,graded,,false,0.255170,
test_local1_187,portable,test,good,published,0.0000,annotator1=good;annotator2=good;annotator3=good;consensus=good,graded,,true,0.591973,
test_local1_188,portable,test,good,published,0.0000,annotator1=good;annotator2=good;annotator3=good;consensus=good,graded,,false,0.477091,
test_local1_189,portable,test,good,published,0.0000,annotator1=good;annotator2=good;annotator3=good;consensus=good,graded,,false,0.461212,
test_local1_190,portable,test,good,published,0.0000,annotator1=good;annotator2=good;annotator3=good;consensus=good,graded,,false,0.454942,
test_local1_191,portable,test,good,published,0.0000,annotator1=good;annotator2=good;annotator3=good;consensus=good,graded,,true,0.530813,
test_local1_192,portable,test,good,published,0.0000,annotator1=good;annotator2=good;annotator3=good;consensus=good,graded,,false,0.360240,
test_local1_193,portable,test,bad,published,0.0000,annotator1=bad;annotator2=bad;annotator3=bad;consensus=bad,graded,,false,0.193645,
test_local1_194,portable,test,bad,published,0.0000,annotator1=bad;annotator2=bad;annotator3=bad;consensus=bad,graded,,false,0.160405,
test_local1_195,portable,test,bad,published,0.0000,annotator1=bad;annotator2=bad;annotator3=bad;consensus=bad,graded,,false,0.124233,
test_local1_196,portable,test,good,published,0.0000,annotator1=bad;annotator2=good;annotator3=good;consensus=good,graded,,false,0.276349,
test_local1_197,portable,test,bad,published,0.0000,annotator1=bad;annotator2=bad;annotator3=bad;consensus=bad,graded,,false,0.044257,
test_local1_198,portable,test,bad,published,0.0000,annotator1=bad;annotator2=bad;annotator3=bad;consensus=bad,graded,,false,0.051611,
test_local1_199,portable,test,bad,published,0.0000,annotator1=bad;annotator2=bad;annotator3=bad;consensus=bad,graded,,false,0.168981,
test_local2_100,portable,test,bad,published,0.0000,annotator1=bad;annotator2=bad;annotator3=bad;consensus=bad,graded,,false,0.056312,
test_local2_101,portable,test,bad,published,0.0000,annotator1=bad;annotator2=bad;annotator3=bad;consensus=bad,graded,,false,0.057930,
test_local2_102,portable,test,bad,published,0.0000,annotator1=bad;annotator2=bad;annotator3=bad;consensus=bad,graded,,false,0.019595,
test_local2_103,portable,test,bad,published,0.0000,annotator1=bad;annotator2=bad;annotator3=bad;consensus=bad,graded,,false,0.010158,
test_local2_84,portable,test,bad,published,0.0000,annotator1=bad;annotator2=bad;annotator3=bad;consensus=bad,graded,,false,0.042729,
test_local2_85,portable,test,bad,published,0.0000,annotator1=bad;annotator2=bad;annotator3=bad;consensus=bad,graded,,false,0.013639,
test_local2_86,portable,test,bad,published,0.0000,annotator1=bad;annotator2=bad;annotator3=bad;consensus=bad,graded,,false,0.005199,
test_local2_87,portable,test,bad,published,0.0000,annotator1=bad;annotator2=bad;annotator3=bad;consensus=bad,graded,,false,0.012741,
test_local2_88,portable,test,bad,published,0.0000,annotator1=bad;annotator2=bad;annotator3=bad;consensus=bad,graded,,false,0.016135,
test_local2_89,portable,test,bad,published,0.0000,annotator1=bad;annotator2=bad;annotator3=bad;consensus=bad,graded,,false,0.037845,
test_local2_90,portable,test,bad,published,0.0000,annotator1=bad;annotator2=bad;annotator3=bad;consensus=bad,graded,,false,0.053376,
test_local2_91,portable,test,bad,published,0.0000,annotator1=bad;annotator2=bad;annotator3=bad;consensus=bad,graded,,false,0.020937,
test_local2_92,portable,test,bad,published,0.0000,annotator1=bad;annotator2=bad;annotator3=bad;consensus=bad,graded,,false,0.054815,
test_local2_93,portable,test,bad,published,0.0000,annotator1=bad;annotator2=bad;annotator3=bad;consensus=bad,graded,,false,0.009180,
test_local2_94,portable,test,bad,published,0.0000,annotator1=bad;annotator2=bad;annotator3=bad;consensus=bad,graded,,false,0.013770,
test_local2_95,portable,test,bad,published,0.0000,annotator1=bad;annotator2=bad;annotator3=bad;consensus=bad,graded,,false,0.012943,
test_local2_96,portable,test,bad,published,0.0000,annotator1=bad;annotator2=bad;annotator3=bad;consensus=bad,graded,,false,0.036023,
test_local2_97,portable,test,bad,published,0.0000,annotator1=bad;annotator2=bad;annotator3=bad;consensus=bad,graded,,false,0.024893,
test_local2_98,portable,test,bad,published,0.0000,annotator1=bad;annotator2=bad;annotator3=bad;consensus=bad,graded,,false,0.019060,
test_local2_99,portable,test,bad,published,0.0000,annotator1=bad;annotator2=bad;annotator3=good;consensus=bad,graded,,false,0.071663,
train_dr_zju_1,cfp,train,good,published,0.0000,annotator1=good;annotator2=good;annotator3=good,graded,,false,0.369646,
train_dr_zju_100,cfp,train,good,published,0.0000,annotator1=good;annotator2=good;annotator3=good,graded,,true,0.544336,
train_dr_zju_101,cfp,train,good,published,0.0000,annotator1=good;annotator2=good;annotator3=good,graded,,false,0.241870,
train_dr_zju_103,cfp,train,good,published,0.0000,annotator1=good;annotator2=good;annotator3=good,graded,,true,0.719247,
train_dr_zju_104,cfp,train,good,published,0.0000,annotator1=good;annotator2=good;annotator3=good,graded,,true,0.773249,
train_dr_zju_105,cfp,train,good,published,0.0000,annotator1=good;annotator2=good;annotator3=good,graded,,true,0.532780,
train_dr_zju_106,cfp,train,good,published,0.0000,annotator1=good;annotator2=good;annotator3=good,graded,,false,0.493394,
train_dr_zju_107,cfp,train,good,published,0.0000,annotator1=good;annotator2=good;annotator3=good,graded,,true,0.560652,
train_dr_zju_108,cfp,train,good,published,0.0000,annotator1=good;annotator2=good;annotator3=good,graded,,false,0.405063,
train_dr_zju_109,cfp,train,good,published,0.0000,annotator1=good;annotator2=good;annotator3=good,graded,,false,0.266618,
train_dr_zju_110,cfp,train,good,published,0.0000,annotator1=good;annotator2=good;annotator3=good,graded,,true,0.569620,
train_dr_zju_111,cfp,train,good,published,0.0000,annotator1=good;annotator2=good;annotator3=good,graded,,false,0.419277,
train_dr_zju_112,cfp,train,good,published,0.0000,annotator1=good;annotator2=good;annotator3=good,graded,,true,0.739549,
train_dr_zju_113,cfp,train,bad,published,0.0000,annotator1=bad;annotator2=bad;annotator3=bad,graded,,false,0.019804,
train_dr_zju_114,cfp,train,bad,published,0.0000,annotator1=bad;annotator2=bad;annotator3=bad,graded,,false,0.041978,
train_dr_zju_115,cfp,train,good,published,0.0000,annotator1=good;annotator2=good;annotator3=good,graded,,true,0.702146,
train_dr_zju_116,cfp,train,good,published,0.0000,annotator1=good;annotator2=good;annotator3=good,graded,,true,0.802553,
train_dr_zju_117,cfp,train,good,published,0.0000,annotator1=good;annotator2=good;annotator3=good,graded,,false,0.305125,
train_dr_zju_118,cfp,train,good,published,0.0000,annotator1=good;annotator2=good;annotator3=good,graded,,false,0.476446,
train_dr_zju_119,cfp,train,good,published,0.0000,annotator1=good;annotator2=good;annotator3=good,graded,,true,0.836490,
train_dr_zju_12,cfp,train,good,published,0.0000,annotator1=good;annotator2=good;annotator3=good,graded,,false,0.185433,
train_dr_zju_120,cfp,train,good,published,0.0000,annotator1=good;annotator2=good;annotator3=good,graded,,true,0.740442,
train_dr_zju_121,cfp,train,good,published,0.0000,annotator1=good;annotator2=good;annotator3=good,graded,,true,0.804865,
train_dr_zju_122,cfp,train,good,published,0.0000,annotator1=good;annotator2=good;annotator3=good,graded,,true,0.838874,
train_dr_zju_123,cfp,train,good,published,0.0000,annotator1=good;annotator2=good;annotator3=good,graded,,true,0.758433,
train_dr_zju_124,cfp,train,good,published,0.0000,annotator1=good;annotator2=good;annotator3=good,graded,,true,0.746484,
train_dr_zju_125,cfp,train,good,published,0.0000,annotator1=good;annotator2=good;annotator3=good,graded,,true,0.794670,
train_dr_zju_126,cfp,train,good,published,0.0000,annotator1=good;annotator2=good;annotator3=good,graded,,true,0.769498,
train_dr_zju_127,cfp,train,good,published,0.0000,annotator1=good;annotator2=good;annotator3=good,graded,,false,0.256339,
train_dr_zju_128,cfp,train,good,published,0.0000,annotator1=good;annotator2=good;annotator3=good,graded,,true,0.612064,
train_dr_zju_129,cfp,train,good,published,0.0000,annotator1=good;annotator2=good;annotator3=good,graded,,false,0.460241,
train_dr_zju_13,cfp,train,good,published,0.0000,annotator1=good;annotator2=good;annotator3=good,graded,,false,0.339161,
train_dr_zju_130,cfp,train,good,published,0.0000,annotator1=good;annotator2=good;annotator3=good,graded,,true,0.835167,
train_dr_zju_131,cfp,train,good,published,0.0000,annotator1=good;annotator2=good;annotator3=good,graded,,true,0.844618,
train_dr_zju_132,cfp,train,bad,published,0.0000,annotator1=bad;annotator2=bad;annotator3=bad,graded,,false,0.065182,
train_dr_zju_133,cfp,train,good,published,0.0000,annotator1=good;annotator2=good;annotator3=good,graded,,false,0.415171,
train_dr_zju_134,cfp,train,good,published,0.0000,annotator1=good;annotator2=good;annotator3=good,graded,,false,0.459339,
train_dr_zju_136,cfp,train,good,published,0.0000,annotator1=good;annotator2=good;annotator3=good,graded,,true,0.653555,
train_dr_zju_138,cfp,train,bad,published,0.0000,annotator1=bad;annotator2=bad;annotator3=bad,graded,,false,0.095424,
train_dr_zju_139,cfp,train,good,published,0.0000,annotator1=good;annotator2=good;annotator3=good,graded,,false,0.493436,
train_dr_zju_14,cfp,train,bad,published,0.0000,annotator1=bad;annotator2=bad;annotator3=bad,graded,,false,0.016700,
train_dr_zju_140,cfp,train,good,published,0.0000,annotator1=good;annotator2=good;annotator3=good,graded,,false,0.367321,
train_dr_zju_141,cfp,train,good,published,0.0000,annotator1=good;annotator2=good;annotator3=good,graded,,true,0.777431,
train_dr_zju_142,cfp,train,good,published,0.0000,annotator1=good;annotator2=good;annotator3=good,graded,,true,0.856564,
train_dr_zju_143,cfp,train,good,published,0.0000,annotator1=good;annotator2=good;annotator3=good,graded,,true,0.801503,
train_dr_zju_144,cfp,train,good,published,0.0000,annotator1=good;annotator2=good;annotator3=good,graded,,true,0.575659,
train_dr_zju_145,cfp,train,good,published,0.0000,annotator1=good;annotator2=good;annotator3=good,graded,,false,0.494479,
train_dr_zju_146,cfp,train,good,published,0.0000,annotator1=good;annotator2=good;annotator3=good,graded,,false,0.326452,
train_dr_zju_147,cfp,train,bad,published,0.0000,annotator1=bad;annotator2=bad;annotator3=bad,graded,,false,0.071335,
train_dr_zju_148,cfp,train,good,published,0.0000,annotator1=good;annotator2=good;annotator3=good,graded,,true,0.855904,
train_dr_zju_149,cfp,train,good,published,0.0000,annotator1=good;annotator2=good;annotator3=good,graded,,true,0.786015,
train_dr_zju_15,cfp,train,bad,published,0.0000,annotator1=bad;annotator2=bad;annotator3=bad,graded,,false,0.116227,
train_dr_zju_150,cfp,train,good,published,0.0000,annotator1=good;annotator2=good;annotator3=good,graded,,true,0.851708,
train_dr_zju_16,cfp,train,good,published,0.0000,annotator1=good;annotator2=good;annotator3=good,graded,,true,0.799082,
train_dr_zju_17,cfp,train,good,published,0.0000,annotator1=good;annotator2=good;annotator3=good,graded,,true,0.748172,
train_dr_zju_18,cfp,train,good,published,0.0000,annotator1=good;annotator2=good;annotator3=good,graded,,false,0.417128,
train_dr_zju_19,cfp,train,good,published,0.0000,annotator1=good;annotator2=good;annotator3=good,graded,,false,0.344499,
train_dr_zju_2,cfp,train,good,published,0.0000,annotator1=good;annotator2=good;annotator3=good,graded,,false,0.454227,
train_dr_zju_20,cfp,train,good,published,0.0000,annotator1=good;annotator2=good;annotator3=good,graded,,false,0.489636,
train_dr_zju_21,cfp,train,good,published,0.0000,annotator1=good;annotator2=good;annotator3=good,graded,,true,0.841780,
train_dr_zju_22,cfp,train,good,published,0.0000,annotator1=good;annotator2=good;annotator3=good,graded,,true,0.788045,
train_dr_zju_23,cfp,train,good,published,0.0000,annotator1=good;annotator2=good;annotator3=good,graded,,true,0.516701,
train_dr_zju_24,cfp,train,bad,published,0.0000,annotator1=bad;annotator2=bad;annotator3=bad,graded,,false,0.086640,
train_dr_zju_25,cfp,train,good,published,0.0000,annotator1=good;annotator2=good;annotator3=good,graded,,false,0.458169,
train_dr_zju_26,cfp,train,good,published,0.0000,annotator1=good;annotator2=good;annotator3=good,graded,,false,0.422689,
train_dr_zju_27,cfp,train,bad,published,0.0000,annotator1=bad;annotator2=bad;annotator3=bad,graded,,false,0.034502,
train_dr_zju_28,cfp,train,good,published,0.0000,annotator1=good;annotator2=good;annotator3=good,graded,,false,0.209694,
train_dr_zju_29,cfp,train,good,published,0.0000,annotator1=good;annotator2=good;annotator3=good,graded,,false,0.155667,
train_dr_zju_3,cfp,train,bad,published,0.0000,annotator1=bad;annotator2=bad;annotator3=bad,graded,,false,0.105701,
train_dr_zju_30,cfp,train,good,published,0.0000,annotator1=good;annotator2=good;annotator3=good,graded,,true,0.510014,
train_dr_zju_31,cfp,train,good,published,0.0000,annotator1=good;annotator2=good;annotator3=good,graded,,false,0.256791,
train_dr_zju_32,cfp,train,good,published,0.0000,annotator1=good;annotator2=good;annotator3=good,graded,,false,0.187796,
train_dr_zju_33,cfp,train,bad,published,0.0000,annotator1=bad;annotator2=bad;annotator3=bad,graded,,false,0.071088,
train_dr_zju_34,cfp,train,good,published,0.0000,annotator1=good;annotator2=good;annotator3=good,graded,,false,0.464771,
train_dr_zju_35,cfp,train,good,published,0.0000,annotator1=good;annotator2=good;annotator3=good,graded,,false,0.342411,
train_dr_zju_36,cfp,train,good,published,0.0000,annotator1=good;annotator2=good;annotator3=good,graded,,false,0.337932,
train_dr_zju_38,cfp,train,good,published,0.0000,annotator1=good;annotator2=good;annotator3=good,graded,,true,0.719020,
train_dr_zju_39,cfp,train,good,published,0.0000,annotator1=good;annotator2=good;annotator3=good,graded,,true,0.713191,
train_dr_zju_4,cfp,train,good,published,0.0000,annotator1=good;annotator2=good;annotator3=good,graded,,true,0.664080,
train_dr_zju_40,cfp,train,good,published,0.0000,annotator1=good;annotator2=good;annotator3=good,graded,,true,0.683364,
train_dr_zju_41,cfp,train,good,published,0.0000,annotator1=good;annotator2=good;annotator3=good,graded,,true,0.688728,
train_dr_zju_42,cfp,train,good,published,0.0000,annotator1=good;annotator2=good;annotator3=good,graded,,true,0.718621,
train_dr_zju_43,cfp,train,good,published,0.0000,annotator1=good;annotator2=good;annotator3=good,graded,,true,0.743433,
train_dr_zju_44,cfp,train,bad,published,0.0000,annotator1=bad;annotator2=bad;annotator3=bad,graded,,false,0.066258,
train_dr_zju_45,cfp,train,good,published,0.0000,annotator1=good;annotator2=good;annotator3=good,graded,,true,0.792486,
train_dr_zju_46,cfp,train,good,published,0.0000,annotator1=good;annotator2=good;annotator3=good,graded,,true,0.869385,
train_dr_zju_48,cfp,train,good,published,0.0000,annotator1=good;annotator2=good;annotator3=good,graded,,true,0.507842,
train_dr_zju_49,cfp,train,good,published,0.0000,annotator1=good;annotator2=good;annotator3=good,graded,,false,0.347689,
train_dr_zju_5,cfp,train,bad,published,0.0000,annotator1=bad;annotator2=bad;annotator3=bad,graded,,false,0.104904,
train_dr_zju_50,cfp,train,good,published,0.0000,annotator1=good;annotator2=good;annotator3=good,graded,,false,0.405702,
train_dr_zju_51,cfp,train,bad,published,0.0000,annotator1=bad;annotator2=bad;annotator3=bad,graded,,false,0.118246,
train_dr_zju_52,cfp,train,good,published,0.0000,annotator1=good;annotator2=good;annotator3=good,graded,,false,0.238118,
train_dr_zju_53,cfp,train,bad,published,0.0000,annotator1=bad;annotator2=bad;annotator3=bad,graded,,false,0.023443,
train_dr_zju_54,cfp,train,good,published,0.0000,annotator1=good;annotator2=good;annotator3=good,graded,,false,0.303038,
train_dr_zju_56,cfp,train,bad,published,0.0000,annotator1=bad;annotator2=bad;annotator3=bad,graded,,false,0.023912,
train_dr_zju_58,cfp,train,good,published,0.0000,annotator1=good;annotator2=good;annotator3=good,graded,,false,0.337517,
train_dr_zju_59,cfp,train,good,published,0.0000,annotator1=good;annotator2=good;annotator3=good,graded,,false,0.331526,
train_dr_zju_6,cfp,train,good,published,0.0000,annotator1=good;annotator2=good;annotator3=good,graded,,true,0.747302,
train_dr_zju_60,cfp,train,good,published,0.0000,annotator1=good;annotator2=good;annotator3=good,graded,,true,0.669273,
train_dr_zju_61,cfp,train,good,published,0.0000,annotator1=good;annotator2=good;annotator3=good,graded,,false,0.438980,
train_dr_zju_62,cfp,train,good,published,0.0000,annotator1=good;annotator2=good;annotator3=good,graded,,true,0.796248,
train_dr_zju_63,cfp,train,good,published,0.0000,annotator1=good;annotator2=good;annotator3=good,graded,,true,0.566843,
train_dr_zju_64,cfp,train,bad,published,0.0000,annotator1=bad;annotator2=bad;annotator3=bad,graded,,false,0.081226,
train_dr_zju_65,cfp,train,good,published,0.0000,annotator1=good;annotator2=good;annotator3=good,graded,,false,0.191804,
train_dr_zju_66,cfp,train,good,published,0.0000,annotator1=good;annotator2=good;annotator3=good,graded,,true,0.603104,
train_dr_zju_67,cfp,train,good,published,0.0000,annotator1=good;annotator2=good;annotator3=good,graded,,true,0.594051,
train_dr_zju_68,cfp,train,good,published,0.0000,annotator1=good;annotator2=good;annotator3=good,graded,,true,0.552459,
train_dr_zju_69,cfp,train,bad,published,0.0000,annotator1=bad;annotator2=bad;annotator3=bad,graded,,false,0.221418,
train_dr_zju_7,cfp,train,good,published,0.0000,annotator1=good;annotator2=good;annotator3=good,graded,,false,0.257815,
train_dr_zju_71,cfp,train,good,published,0.0000,annotator1=good;annotator2=good;annotator3=good,graded,,true,0.682085,
train_dr_zju_72,cfp,train,good,published,0.0000,annotator1=good;annotator2=good;annotator3=good,graded,,false,0.419560,
train_dr_zju_73,cfp,train,good,published,0.0000,annotator1=good;annotator2=good;annotator3=good,graded,,false,0.277603,
train_dr_zju_74,cfp,train,good,published,0.0000,annotator1=good;annotator2=good;annotator3=good,graded,,false,0.294954,
train_dr_zju_75,cfp,train,good,published,0.0000,annotator1=good;annotator2=good;annotator3=good,graded,,false,0.453752,
train_dr_zju_76,cfp,train,bad,published,0.0000,annotator1=bad;annotator2=bad;annotator3=bad,graded,,false,0.221933,
train_dr_zju_77,cfp,train,good,published,0.0000,annotator1=good;annotator2=good;annotator3=good,graded,,false,0.142024,
train_dr_zju_78,cfp,train,good,published,0.0000,annotator1=good;annotator2=good;annotator3=good,graded,,false,0.298271,
train_dr_zju_8,cfp,train,good,published,0.0000,annotator1=good;annotator2=good;annotator3=good,graded,,false,0.378292,
train_dr_zju_80,cfp,train,good,published,0.0000,annotator1=good;annotator2=good;annotator3=good,graded,,false,0.405319,
train_dr_zju_81,cfp,train,good,published,0.0000,annotator1=good;annotator2=good;annotator3=good,graded,,true,0.686758,
train_dr_zju_83,cfp,train,bad,published,0.0000,annotator1=bad;annotator2=bad;annotator3=bad,graded,,false,0.103933,
train_dr_zju_84,cfp,train,bad,published,0.0000,annotator1=bad;annotator2=bad;annotator3=bad,graded,,false,0.057510,
train_dr_zju_85,cfp,train,bad,published,0.0000,annotator1=bad;annotator2=bad;annotator3=bad,graded,,false,0.065155,
train_dr_zju_86,cfp,train,bad,published,0.0000,annotator1=bad;annotator2=bad;annotator3=bad,graded,,false,0.018869,
train_dr_zju_87,cfp,train,bad,published,0.0000,annotator1=bad;annotator2=bad;annotator3=bad,graded,,false,0.048371,
train_dr_zju_88,cfp,train,good,published,0.0000,annotator1=good;annotator2=good;annotator3=good,graded,,true,0.784335,
train_dr_zju_90,cfp,train,good,published,0.0000,annotator1=good;annotator2=good;annotator3=good,graded,,true,0.568808,
train_dr_zju_91,cfp,train,good,published,0.0000,annotator1=good;annotator2=good;annotator3=good,graded,,true,0.505759,
train_dr_zju_92,cfp,train,good,published,0.0000,annotator1=good;annotator2=good;annotator3=good,graded,,true,0.513774,
train_dr_zju_93,cfp,train,good,published,0.0000,annotator1=good;annotator2=good;annotator3=good,graded,,true,0.608247,
train_dr_zju_94,cfp,train,good,published,0.0000,annotator1=good;annotator2=good;annotator3=good,graded,,true,0.569237,
train_dr_zju_95,cfp,train,good,published,0.0000,annotator1=good;annotator2=good;annotator3=good,graded,,false,0.464888,
train_dr_zju_96,cfp,train,good,published,0.0000,annotator1=good;annotator2=good;annotator3=good,graded,,false,0.439819,
train_dr_zju_97,cfp,train,good,published,0.0000,annotator1=good;annotator2=good;annotator3=good,graded,,true,0.516756,
train_dr_zju_98,cfp,train,good,published,0.0000,annotator1=good;annotator2=good;annotator3=good,graded,,false,0.174865,
train_dr_zju_99,cfp,train,good,published,0.0000,annotator1=good;annotator2=good;annotator3=good,graded,,true,0.718822,
train_glaucoma_1,cfp,train,bad,published,0.0000,annotator1=bad;annotator2=bad;annotator3=bad;consensus=bad,graded,,false,0.069186,
train_glaucoma_10,cfp,train,good,published,0.0046,annotator1=bad;annotator2=good;annotator3=good;consensus=good,graded,,false,0.249345,
train_glaucoma_11,cfp,train,bad,published,0.0000,annotator1=bad;annotator2=bad;annotator3=bad;consensus=bad,graded,,false,0.012165,
train_glaucoma_12,cfp,train,bad,published,0.0748,annotator1=bad;annotator2=bad;annotator3=bad;consensus=bad,graded,,false,0.008161,
train_glaucoma_13,cfp,train,bad,published,0.0072,annotator1=bad;annotator2=bad;annotator3=bad;consensus=bad,graded,,false,0.097869,
train_glaucoma_14,cfp,train,bad,published,0.0091,annotator1=bad;annotator2=bad;annotator3=bad;consensus=bad,graded,,false,0.060963,
train_glaucoma_15,cfp,train,bad,published,0.0046,annotator1=bad;annotator2=bad;annotator3=bad;consensus=bad,graded,,false,0.077758,
train_glaucoma_16,cfp,train,bad,published,0.0052,annotator1=bad;annotator2=bad;annotator3=bad;consensus=bad,graded,,false,0.012289,
train_glaucoma_17,cfp,train,bad,published,0.0000,annotator1=bad;annotator2=bad;annotator3=bad;consensus=bad,graded,,false,0.012347,
train_glaucoma_18,cfp,train,bad,published,0.0000,annotator1=bad;annotator2=bad;annotator3=bad;consensus=bad,graded,,false,0.011978,
train_glaucoma_19,cfp,train,bad,published,0.0788,annotator1=bad;annotator2=bad;annotator3=bad;consensus=bad,graded,,false,0.008999,
train_glaucoma_2,cfp,train,bad,published,0.0078,annotator1=bad;annotator2=bad;annotator3=bad;consensus=bad,graded,,false,0.013915,
train_glaucoma_20,cfp,train,bad,published,0.1343,annotator1=bad;annotator2=bad;annotator3=bad;consensus=bad,graded,,false,0.013914,
train_glaucoma_21,cfp,train,bad,published,0.0097,annotator1=bad;annotator2=bad;annotator3=bad;consensus=bad,graded,,false,0.012437,
train_glaucoma_22,cfp,train,bad,published,0.0059,annotator1=bad;annotator2=bad;annotator3=bad;consensus=bad,graded,,false,0.026219,
train_glaucoma_23,cfp,train,bad,published,0.0000,annotator1=bad;annotator2=bad;annotator3=bad;consensus=bad,graded,,false,0.012696,
train_glaucoma_24,cfp,train,bad,published,0.0072,annotator1=bad;annotator2=bad;annotator3=bad;consensus=bad,graded,,false,0.012630,
train_glaucoma_25,cfp,train,bad,published,0.0065,annotator1=bad;annotator2=bad;annotator3=bad;consensus=bad,graded,,false,0.059851,
train_glaucoma_26,cfp,train,bad,published,0.0059,annotator1=bad;annotator2=bad;annotator3=bad;consensus=bad,graded,,false,0.168910,
train_glaucoma_27,cfp,train,bad,published,0.0039,annotator1=bad;annotator2=bad;annotator3=bad;consensus=bad,graded,,false,0.029030,
train_glaucoma_28,cfp,train,bad,published,0.0066,annotator1=bad;annotator2=bad;annotator3=bad;consensus=bad,graded,,false,0.009614,
train_glaucoma_29,cfp,train,bad,published,0.0085,annotator1=bad;annotator2=bad;annotator3=bad;consensus=bad,graded,,false,0.011059,
train_glaucoma_3,cfp,train,bad,published,0.0125,annotator1=bad;annotator2=bad;annotator3=bad;consensus=bad,graded,,false,0.006440,
train_glaucoma_30,cfp,train,bad,published,0.0046,annotator1=bad;annotator2=bad;annotator3=bad;consensus=bad,graded,,false,0.040409,
train_glaucoma_31,cfp,train,bad,published,0.0026,annotator1=bad;annotator2=bad;annotator3=bad;consensus=bad,graded,,false,0.036203,
train_glaucoma_32,cfp,train,bad,published,0.0000,annotator1=bad;annotator2=bad;annotator3=bad;consensus=bad,graded,,false,0.012821,
train_glaucoma_33,cfp,train,bad,published,0.0013,annotator1=bad;annotator2=bad;annotator3=bad;consensus=bad,graded,,false,0.008266,
train_glaucoma_34,cfp,train,bad,published,0.0000,annotator1=bad;annotator2=bad;annotator3=bad;consensus=bad,graded,,false,0.007619,
train_glaucoma_35,cfp,train,bad,published,0.0013,annotator1=bad;annotator2=bad;annotator3=bad;consensus=bad,graded,,false,0.026450,
train_glaucoma_36,cfp,train,bad,published,0.0013,annotator1=bad;annotator2=bad;annotator3=bad;consensus=bad,graded,,false,0.022886,
train_glaucoma_37,cfp,train,bad,published,0.0020,annotator1=bad;annotator2=bad;annotator3=bad;consensus=bad,graded,,false,0.068375,
train_glaucoma_38,cfp,train,bad,published,0.0000,annotator1=bad;annotator2=bad;annotator3=bad;consensus=bad,graded,,false,0.007850,
train_glaucoma_4,cfp,train,bad,published,0.0052,annotator1=bad;annotator2=bad;annotator3=bad;consensus=bad,graded,,false,0.014377,
train_glaucoma_40,cfp,train,bad,published,0.0064,annotator1=bad;annotator2=bad;annotator3=bad;consensus=bad,graded,,false,0.008900,
train_glaucoma_41,cfp,train,bad,published,0.0039,annotator1=bad;annotator2=bad;annotator3=bad;consensus=bad,graded,,false,0.070822,
train_glaucoma_5,cfp,train,bad,published,0.0059,annotator1=bad;annotator2=bad;annotator3=bad;consensus=bad,graded,,false,0.037536,
train_glaucoma_6,cfp,train,bad,published,0.0046,annotator1=bad;annotator2=bad;annotator3=bad;consensus=bad,graded,,false,0.009211,
train_glaucoma_7,cfp,train,bad,published,0.0059,annotator1=bad;annotator2=bad;annotator3=bad;consensus=bad,graded,,false,0.018056,
train_glaucoma_8,cfp,train,bad,published,0.0000,annotator1=bad;annotator2=bad;annotator3=bad;consensus=bad,graded,,false,0.010217,
train_glaucoma_9,cfp,train,good,published,0.0046,annotator1=bad;annotator2=bad;annotator3=good;consensus=good,graded,,false,0.180445,
train_healthy_1,cfp,train,good,published,0.0013,annotator1=good;annotator2=good;annotator3=good;consensus=good,graded,,true,0.664875,
train_healthy_10,cfp,train,good,published,0.0007,annotator1=good;annotator2=good;annotator3=good;consensus=good,graded,,true,0.708164,
train_healthy_11,cfp,train,good,published,0.0000,annotator1=good;annotator2=good;annotator3=good;consensus=good,graded,,true,0.774014,
train_healthy_12,cfp,train,good,published,0.0000,annotator1=good;annotator2=good;annotator3=good;consensus=good,graded,,false,0.286278,
train_healthy_13,cfp,train,good,published,0.0000,annotator1=good;annotator2=good;annotator3=good;consensus=good,graded,,false,0.267749,
train_healthy_14,cfp,train,good,published,0.0000,annotator1=good;annotator2=good;annotator3=good;consensus=good,graded,,true,0.653490,
train_healthy_15,cfp,train,good,published,0.0000,annotator1=good;annotator2=good;annotator3=good;consensus=good,graded,,true,0.515939,
train_healthy_16,cfp,train,good,published,0.0000,annotator1=good;annotator2=good;annotator3=good;consensus=good,graded,,true,0.634249,
train_healthy_17,cfp,train,good,published,0.0000,annotator1=good;annotator2=good;annotator3=good;consensus=good,graded,,true,0.818098,
train_healthy_18,cfp,train,good,published,0.0000,annotator1=good;annotator2=good;annotator3=good;consensus=good,graded,,true,0.677336,
train_healthy_19,cfp,train,good,published,0.0000,annotator1=good;annotator2=good;annotator3=good;consensus=good,graded,,true,0.647514,
train_healthy_2,cfp,train,good,published,0.0013,annotator1=good;annotator2=good;annotator3=good;consensus=good,graded,,true,0.622140,
train_healthy_20,cfp,train,good,published,0.0072,annotator1=good;annotator2=good;annotator3=good;consensus=good,graded,,true,0.512883,
train_healthy_21,cfp,train,good,published,0.0072,annotator1=good;annotator2=good;annotator3=good;consensus=good,graded,,true,0.769257,
train_healthy_3,cfp,train,good,published,0.0000,annotator1=good;annotator2=good;annotator3=good;consensus=good,graded,,true,0.605036,
train_healthy_4,cfp,train,good,published,0.0000,annotator1=good;annotator2=good;annotator3=good;consensus=good,graded,,false,0.476819,
train_healthy_5,cfp,train,good,published,0.0000,annotator1=good;annotator2=good;annotator3=good;consensus=good,graded,,false,0.361830,
train_healthy_6,cfp,train,good,published,0.0000,annotator1=good;annotator2=good;annotator3=good;consensus=good,graded,,false,0.296929,
train_healthy_7,cfp,train,good,published,0.0000,annotator1=good;annotator2=good;annotator3=good;consensus=good,graded,,true,0.674447,
train_healthy_8,cfp,train,good,published,0.0000,annotator1=good;annotator2=good;annotator3=good;consensus=good,graded,,false,0.304104,
train_healthy_9,cfp,train,good,published,0.0000,annotator1=good;annotator2=good;annotator3=good;consensus=good,graded,,false,0.288277,
train_local1_1,portable,train,good,published,0.0000,annotator1=good;annotator2=good;annotator3=good;consensus=good,graded,,true,0.529074,
train_local1_10,portable,train,good,published,0.0000,annotator1=good;annotator2=good;annotator3=good;consensus=good,graded,,true,0.604656,
train_local1_100,portable,train,bad,published,0.0000,annotator1=bad;annotator2=bad;annotator3=bad;consensus=bad,graded,,false,0.045101,
train_local1_101,portable,train,bad,published,0.0000,annotator1=bad;annotator2=bad;annotator3=bad;consensus=bad,graded,,false,0.030454,
train_local1_102,portable,train,bad,published,0.0000,annotator1=bad;annotator2=bad;annotator3=bad;consensus=bad,graded,,false,0.028836,
train_local1_103,portable,train,bad,published,0.0000,annotator1=bad;annotator2=bad;annotator3=bad;consensus=bad,graded,,false,0.083992,
train_local1_104,portable,train,bad,published,0.0000,annotator1=bad;annotator2=bad;annotator3=bad;consensus=bad,graded,,false,0.013979,
train_local1_105,portable,train,bad,published,0.0000,annotator1=bad;annotator2=bad;annotator3=bad;consensus=bad,graded,,false,0.061636,
train_local1_106,portable,train,bad,published,0.0000,annotator1=bad;annotator2=bad;annotator3=bad;consensus=bad,graded,,false,0.063899,
train_local1_107,portable,train,bad,published,0.0000,annotator1=bad;annotator2=bad;annotator3=bad;consensus=bad,graded,,false,0.017380,
train_local1_108,portable,train,bad,published,0.0000,annotator1=bad;annotator2=bad;annotator3=bad;consensus=bad,graded,,false,0.067035,
train_local1_109,portable,train,bad,published,0.0000,annotator1=bad;annotator2=bad;annotator3=bad;consensus=bad,graded,,false,0.015815,
train_local1_11,portable,train,good,published,0.0000,annotator1=good;annotator2=bad;annotator3=good;consensus=good,graded,,false,0.271328,
train_local1_111,portable,train,bad,published,0.0000,annotator1=bad;annotator2=bad;annotator3=bad;consensus=bad,graded,,false,0.010685,
train_local1_112,portable,train,bad,published,0.0000,annotator1=bad;annotator2=bad;annotator3=bad;consensus=bad,graded,,false,0.060138,
train_local1_113,portable,train,bad,published,0.2500,annotator1=bad;annotator2=bad;annotator3=bad;consensus=bad,graded,,false,0.014091,
train_local1_114,portable,train,bad,published,0.0000,annotator1=bad;annotator2=bad;annotator3=bad;consensus=bad,graded,,false,0.014613,
train_local1_115,portable,train,bad,published,0.0000,annotator1=bad;annotator2=bad;annotator3=bad;consensus=bad,graded,,false,0.032410,
train_local1_116,portable,train,bad,published,0.0000,annotator1=bad;annotator2=bad;annotator3=bad;consensus=bad,graded,,false,0.354936,
train_local1_117,portable,train,bad,published,0.0000,annotator1=bad;annotator2=bad;annotator3=bad;consensus=bad,graded,,false,0.100036,
train_local1_118,portable,train,bad,published,0.0000,annotator1=bad;annotator2=bad;annotator3=bad;consensus=bad,graded,,false,0.037831,
train_local1_119,portable,train,bad,published,0.0000,annotator1=bad;annotator2=bad;annotator3=bad;consensus=bad,graded,,false,0.009523,
train_local1_12,portable,train,good,published,0.0000,annotator1=good;annotator2=good;annotator3=good;consensus=good,graded,,false,0.347128,
train_local1_120,portable,train,bad,published,0.0000,annotator1=bad;annotator2=bad;annotator3=bad;consensus=bad,graded,,false,0.125565,
train_local1_121,portable,train,bad,published,0.0000,annotator1=bad;annotator2=bad;annotator3=bad;consensus=bad,graded,,false,0.097016,
train_local1_122,portable,train,bad,published,0.0000,annotator1=bad;annotator2=bad;annotator3=bad;consensus=bad,graded,,false,0.163608,
train_local1_123,portable,train,bad,published,0.0000,annotator1=bad;annotator2=bad;annotator3=bad;consensus=bad,graded,,false,0.154832,
train_local1_124,portable,train,bad,published,0.0000,annotator1=bad;annotator2=bad;annotator3=bad;consensus=bad,graded,,false,0.269937,
train_local1_125,portable,train,bad,published,0.0000,annotator1=bad;annotator2=bad;annotator3=bad;consensus=bad,graded,,false,0.029102,
train_local1_126,portable,train,bad,published,0.0000,annotator1=bad;annotator2=bad;annotator3=bad;consensus=bad,graded,,false,0.042357,
train_local1_127,portable,train,bad,published,0.0000,annotator1=bad;annotator2=bad;annotator3=bad;consensus=bad,graded,,false,0.032821,
train_local1_128,portable,train,bad,published,0.0000,annotator1=bad;annotator2=bad;annotator3=bad;consensus=bad,graded,,false,0.038987,
train_local1_129,portable,train,bad,published,0.0000,annotator1=bad;annotator2=bad;annotator3=bad;consensus=bad,graded,,false,0.243326,
train_local1_13,portable,train,good,published,0.0000,annotator1=good;annotator2=good;annotator3=good;consensus=good,graded,,false,0.450250,
train_local1_130,portable,train,bad,published,0.0000,annotator1=bad;annotator2=bad;annotator3=bad;consensus=bad,graded,,false,0.154380,
train_local1_131,portable,train,bad,published,0.0000,annotator1=bad;annotator2=bad;annotator3=bad;consensus=bad,graded,,false,0.017046,
train_local1_132,portable,train,bad,published,0.0000,annotator1=bad;annotator2=bad;annotator3=bad;consensus=bad,graded,,false,0.091433,
train_local1_133,portable,train,bad,published,0.0000,annotator1=bad;annotator2=bad;annotator3=bad;consensus=bad,graded,,false,0.042896,
train_local1_134,portable,train,bad,published,0.0000,annotator1=bad;annotator2=bad;annotator3=bad;consensus=bad,graded,,false,0.020862,
train_local1_135,portable,train,bad,published,0.0000,annotator1=bad;annotator2=bad;annotator3=bad;consensus=bad,graded,,false,0.032179,
train_local1_136,portable,train,bad,published,0.0000,annotator1=bad;annotator2=bad;annotator3=bad;consensus=bad,graded,,false,0.050276,
train_local1_137,portable,train,bad,published,0.0000,annotator1=bad;annotator2=bad;annotator3=bad;consensus=bad,graded,,false,0.079810,
train_local1_138,portable,train,bad,published,0.0000,annotator1=bad;annotator2=bad;annotator3=bad;consensus=bad,graded,,false,0.015161,
train_local1_139,portable,train,bad,published,0.0000,annotator1=bad;annotator2=bad;annotator3=bad;consensus=bad,graded,,false,0.026799,
train_local1_14,portable,train,good,published,0.0000,annotator1=good;annotator2=good;annotator3=good;consensus=good,graded,,false,0.489245,
train_local1_140,portable,train,good,published,0.0000,annotator1=good;annotator2=good;annotator3=good;consensus=good,graded,,false,0.172734,
train_local1_141,portable,train,bad,published,0.0000,annotator1=bad;annotator2=bad;annotator3=bad;consensus=bad,graded,,false,0.068177,
train_local1_142,portable,train,bad,published,0.0000,annotator1=bad;annotator2=bad;annotator3=bad;consensus=bad,graded,,false,0.058817,
train_local1_143,portable,train,bad,published,0.0000,annotator1=bad;annotator2=bad;annotator3=bad;consensus=bad,graded,,false,0.083154,
train_local1_144,portable,train,bad,published,0.0000,annotator1=bad;annotator2=good;annotator3=bad;consensus=bad,graded,,false,0.144602,
train_local1_145,portable,train,bad,published,0.0000,annotator1=bad;annotator2=bad;annotator3=bad;consensus=bad,graded,,false,0.229317,
train_local1_146,portable,train,bad,published,0.0000,annotator1=bad;annotator2=bad;annotator3=bad;consensus=bad,graded,,false,0.121624,
train_local1_147,portable,train,bad,published,0.0000,annotator1=bad;annotator2=bad;annotator3=bad;consensus=bad,graded,,false,0.088656,
train_local1_148,portable,train,bad,published,0.0000,annotator1=bad;annotator2=bad;annotator3=bad;consensus=bad,graded,,false,0.065703,
train_local1_149,portable,train,bad,published,0.0000,annotator1=bad;annotator2=bad;annotator3=bad;consensus=bad,graded,,false,0.013321,
train_local1_15,portable,train,good,published,0.0000,annotator1=good;annotator2=good;annotator3=good;consensus=good,graded,,false,0.475666,
train_local1_150,portable,train,bad,published,0.0000,annotator1=bad;annotator2=bad;annotator3=bad;consensus=bad,graded,,false,0.018613,
train_local1_151,portable,train,bad,published,0.0000,annotator1=bad;annotator2=bad;annotator3=bad;consensus=bad,graded,,false,0.012383,
train_local1_152,portable,train,bad,published,0.0000,annotator1=bad;annotator2=bad;annotator3=bad;consensus=bad,graded,,false,0.020184,
train_local1_153,portable,train,bad,published,0.0000,annotator1=bad;annotator2=bad;annotator3=bad;consensus=bad,graded,,false,0.037608,
train_local1_154,portable,train,bad,published,0.0000,annotator1=bad;annotator2=bad;annotator3=bad;consensus=bad,graded,,false,0.025188,
train_local1_155,portable,train,bad,published,0.0000,annotator1=bad;annotator2=bad;annotator3=bad;consensus=bad,graded,,false,0.014281,
train_local1_156,portable,train,bad,published,0.0000,annotator1=bad;annotator2=bad;annotator3=bad;consensus=bad,graded,,false,0.040845,
train_local1_157,portable,train,bad,published,0.0000,annotator1=bad;annotator2=bad;annotator3=bad;consensus=bad,graded,,false,0.018414,
train_local1_158,portable,train,bad,published,0.0000,annotator1=bad;annotator2=bad;annotator3=bad;consensus=bad,graded,,false,0.022008,
train_local1_159,portable,train,bad,published,0.0000,annotator1=bad;annotator2=bad;annotator3=bad;consensus=bad,graded,,false,0.030331,
train_local1_16,portable,train,bad,published,0.0000,annotator1=bad;annotator2=bad;annotator3=bad;consensus=bad,graded,,false,0.188775,
train_local1_17,portable,train,good,published,0.0000,annotator1=good;annotator2=good;annotator3=good;consensus=good,graded,,false,0.323856,
train_local1_18,portable,train,good,published,0.0000,annotator1=good;annotator2=good;annotator3=good;consensus=good,graded,,false,0.406830,
train_local1_19,portable,train,good,published,0.0000,annotator1=good;annotator2=good;annotator3=good;consensus=good,graded,,false,0.199477,
train_local1_2,portable,train,good,published,0.0000,annotator1=good;annotator2=good;annotator3=good;consensus=good,graded,,false,0.257648,
train_local1_20,portable,train,good,published,0.0000,annotator1=good;annotator2=good;annotator3=good;consensus=good,graded,,false,0.242749,
train_local1_21,portable,train,good,published,0.0000,annotator1=good;annotator2=bad;annotator3=bad;consensus=good,graded,,false,0.187408,
train_local1_22,portable,train,good,published,0.0000,annotator1=good;annotator2=good;annotator3=good;consensus=good,graded,,false,0.323866,
train_local1_23,portable,train,good,published,0.0000,annotator1=good;annotator2=good;annotator3=good;consensus=good,graded,,false,0.385433,
train_local1_24,portable,train,good,published,0.0000,annotator1=good;annotator2=good;annotator3=good;consensus=good,graded,,false,0.372565,
train_local1_25,portable,train,good,published,0.0000,annotator1=good;annotator2=good;annotator3=good;consensus=good,graded,,false,0.389299,
train_local1_26,portable,train,good,published,0.0000,annotator1=good;annotator2=good;annotator3=good;consensus=good,graded,,false,0.476729,
train_local1_27,portable,train,good,published,0.0000,annotator1=good;annotator2=good;annotator3=good;consensus=good,graded,,false,0.433117,
train_local1_28,portable,train,bad,published,0.0000,annotator1=bad;annotator2=bad;annotator3=bad;consensus=bad,graded,,false,0.112153,
train_local1_29,portable,train,good,published,0.0000,annotator1=good;annotator2=good;annotator3=good;consensus=good,graded,,false,0.492323,
train_local1_3,portable,train,good,published,0.0000,annotator1=good;annotator2=good;annotator3=good;consensus=good,graded,,false,0.406395,
train_local1_30,portable,train,good,published,0.0000,annotator1=good;annotator2=good;annotator3=good;consensus=good,graded,,false,0.451528,
train_local1_31,portable,train,good,published,0.0000,annotator1=good;annotator2=good;annotator3=good;consensus=good,graded,,false,0.497297,
train_local1_32,portable,train,good,published,0.0000,annotator1=good;annotator2=bad;annotator3=good;consensus=good,graded,,false,0.132650,
train_local1_33,portable,train,good,published,0.0000,annotator1=good;annotator2=good;annotator3=good;consensus=good,graded,,false,0.123922,
train_local1_34,portable,train,good,published,0.0000,annotator1=good;annotator2=bad;annotator3=good;consensus=good,graded,,false,0.118457,
train_local1_35,portable,train,good,published,0.0000,annotator1=good;annotator2=good;annotator3=good;consensus=good,graded,,true,0.576582,
train_local1_36,portable,train,bad,published,0.0000,annotator1=bad;annotator2=bad;annotator3=bad;consensus=bad,graded,,false,0.238168,
train_local1_37,portable,train,good,published,0.0000,annotator1=good;annotator2=bad;annotator3=bad;consensus=good,graded,,false,0.152518,
train_local1_38,portable,train,good,published,0.0000,annotator1=good;annotator2=good;annotator3=good;consensus=good,graded,,false,0.113620,
train_local1_39,portable,train,good,published,0.0000,annotator1=good;annotator2=good;annotator3=good;consensus=good,graded,,false,0.129233,
train_local1_4,portable,train,good,published,0.0000,annotator1=good;annotator2=good;annotator3=good;consensus=good,graded,,false,0.265813,
train_local1_40,portable,train,good,published,0.0000,annotator1=good;annotator2=good;annotator3=good;consensus=good,graded,,true,0.640448,
train_local1_41,portable,train,good,published,0.0000,annotator1=good;annotator2=good;annotator3=good;consensus=good,graded,,false,0.223995,
train_local1_42,portable,train,good,published,0.0000,annotator1=good;annotator2=good;annotator3=good;consensus=good,graded,,false,0.251608,
train_local1_43,portable,train,good,published,0.0000,annotator1=good;annotator2=good;annotator3=good;consensus=good,graded,,true,0.536329,
train_local1_44,portable,train,good,published,0.0000,annotator1=good;annotator2=bad;annotator3=good;consensus=good,graded,,false,0.422419,
train_local1_45,portable,train,good,published,0.0000,annotator1=good;annotator2=good;annotator3=good;consensus=good,graded,,true,0.598260,
train_local1_46,portable,train,bad,published,0.0000,annotator1=bad;annotator2=bad;annotator3=good;consensus=bad,graded,,false,0.154380,
train_local1_47,portable,train,bad,published,0.0000,annotator1=bad;annotator2=bad;annotator3=bad;consensus=bad,graded,,false,0.112925,
train_local1_48,portable,train,bad,published,0.0000,annotator1=bad;annotator2=bad;annotator3=bad;consensus=bad,graded,,false,0.141768,
train_local1_49,portable,train,bad,published,0.0000,annotator1=bad;annotator2=bad;annotator3=bad;consensus=bad,graded,,false,0.011994,
train_local1_5,portable,train,good,published,0.0000,annotator1=good;annotator2=good;annotator3=good;consensus=good,graded,,false,0.140754,
train_local1_50,portable,train,bad,published,0.0000,annotator1=bad;annotator2=bad;annotator3=bad;consensus=bad,graded,,false,0.153945,
train_local1_51,portable,train,bad,published,0.0000,annotator1=bad;annotator2=bad;annotator3=bad;consensus=bad,graded,,false,0.202239,
train_local1_52,portable,train,bad,published,0.0000,annotator1=bad;annotator2=bad;annotator3=bad;consensus=bad,graded,,false,0.108499,
train_local1_53,portable,train,bad,published,0.0000,annotator1=bad;annotator2=bad;annotator3=bad;consensus=bad,graded,,false,0.058916,
train_local1_54,portable,train,bad,published,0.0000,annotator1=bad;annotator2=bad;annotator3=bad;consensus=bad,graded,,false,0.040065,
train_local1_55,portable,train,bad,published,0.0000,annotator1=bad;annotator2=bad;annotator3=bad;consensus=bad,graded,,false,0.087019,
train_local1_56,portable,train,bad,published,0.0000,annotator1=bad;annotator2=bad;annotator3=bad;consensus=bad,graded,,false,0.013603,
train_local1_57,portable,train,bad,published,0.0000,annotator1=bad;annotator2=bad;annotator3=bad;consensus=bad,graded,,false,0.030640,
train_local1_58,portable,train,bad,published,0.0000,annotator1=bad;annotator2=bad;annotator3=bad;consensus=bad,graded,,false,0.031386,
train_local1_59,portable,train,bad,published,0.0000,annotator1=bad;annotator2=bad;annotator3=bad;consensus=bad,graded,,false,0.013439,
train_local1_6,portable,train,good,published,0.0000,annotator1=good;annotator2=good;annotator3=good;consensus=good,graded,,false,0.282640,
train_local1_60,portable,train,bad,published,0.0000,annotator1=bad;annotator2=bad;annotator3=bad;consensus=bad,graded,,false,0.019527,
train_local1_61,portable,train,bad,published,0.0000,annotator1=bad;annotator2=bad;annotator3=bad;consensus=bad,graded,,false,0.065574,
train_local1_62,portable,train,bad,published,0.0000,annotator1=bad;annotator2=bad;annotator3=bad;consensus=bad,graded,,false,0.017989,
train_local1_63,portable,train,bad,published,0.0000,annotator1=bad;annotator2=bad;annotator3=bad;consensus=bad,graded,,false,0.005652,
train_local1_64,portable,train,bad,published,0.0000,annotator1=bad;annotator2=bad;annotator3=bad;consensus=bad,graded,,false,0.014439,
train_local1_65,portable,train,bad,published,0.0000,annotator1=bad;annotator2=bad;annotator3=bad;consensus=bad,graded,,false,0.150637,
train_local1_66,portable,train,bad,published,0.0000,annotator1=bad;annotator2=bad;annotator3=bad;consensus=bad,graded,,false,0.053685,
train_local1_67,portable,train,bad,published,0.0000,annotator1=bad;annotator2=bad;annotator3=bad;consensus=bad,graded,,false,0.129797,
train_local1_68,portable,train,bad,published,0.0000,annotator1=bad;annotator2=bad;annotator3=bad;consensus=bad,graded,,false,0.103528,
train_local1_69,portable,train,bad,published,0.0000,annotator1=bad;annotator2=bad;annotator3=bad;consensus=bad,graded,,false,0.133961,
train_local1_7,portable,train,good,published,0.0000,annotator1=good;annotator2=bad;annotator3=good;consensus=good,graded,,false,0.262996,
train_local1_70,portable,train,bad,published,0.0000,annotator1=bad;annotator2=bad;annotator3=bad;consensus=bad,graded,,false,0.068960,
train_local1_71,portable,train,bad,published,0.0000,annotator1=bad;annotator2=bad;annotator3=bad;consensus=bad,graded,,false,0.073749,
train_local1_72,portable,train,bad,published,0.0000,annotator1=bad;annotator2=bad;annotator3=bad;consensus=bad,graded,,false,0.135398,
train_local1_73,portable,train,good,published,0.0000,annotator1=bad;annotator2=good;annotator3=bad;consensus=good,graded,,false,0.243326,
train_local1_74,portable,train,bad,published,0.0000,annotator1=bad;annotator2=bad;annotator3=bad;consensus=bad,graded,,false,0.056039,
train_local1_75,portable,train,bad,published,0.0000,annotator1=bad;annotator2=bad;annotator3=bad;consensus=bad,graded,,false,0.025311,
train_local1_76,portable,train,bad,published,0.0000,annotator1=bad;annotator2=bad;annotator3=bad;consensus=bad,graded,,false,0.020924,
train_local1_77,portable,train,bad,published,0.0000,annotator1=bad;annotator2=bad;annotator3=bad;consensus=bad,graded,,false,0.032872,
train_local1_78,portable,train,bad,published,0.0000,annotator1=bad;annotator2=bad;annotator3=bad;consensus=bad,graded,,false,0.014882,
train_local1_79,portable,train,bad,published,0.0000,annotator1=bad;annotator2=bad;annotator3=bad;consensus=bad,graded,,false,0.011898,
train_local1_8,portable,train,good,published,0.0000,annotator1=good;annotator2=good;annotator3=good;consensus=good,graded,,false,0.356989,
train_local1_80,portable,train,bad,published,0.0000,annotator1=bad;annotator2=bad;annotator3=bad;consensus=bad,graded,,false,0.006506,
train_local1_81,portable,train,bad,published,0.0000,annotator1=bad;annotator2=bad;annotator3=bad;consensus=bad,graded,,false,0.010456,
train_local1_82,portable,train,bad,published,0.0000,annotator1=bad;annotator2=bad;annotator3=bad;consensus=bad,graded,,false,0.051750,
train_local1_83,portable,train,bad,published,0.0000,annotator1=bad;annotator2=bad;annotator3=bad;consensus=bad,graded,,false,0.028670,
train_local1_84,portable,train,bad,published,0.0000,annotator1=bad;annotator2=bad;annotator3=bad;consensus=bad,graded,,false,0.154832,
train_local1_85,portable,train,bad,published,0.0000,annotator1=bad;annotator2=bad;annotator3=bad;consensus=bad,graded,,false,0.067828,
train_local1_86,portable,train,bad,published,0.0000,annotator1=bad;annotator2=bad;annotator3=bad;consensus=bad,graded,,false,0.070674,
train_local1_87,portable,train,bad,published,0.0000,annotator1=bad;annotator2=bad;annotator3=good;consensus=bad,graded,,false,0.477180,
train_local1_88,portable,train,bad,published,0.0000,annotator1=bad;annotator2=bad;annotator3=good;consensus=bad,graded,,false,0.323319,
train_local1_89,portable,train,bad,published,0.0000,annotator1=bad;annotator2=bad;annotator3=good;consensus=bad,graded,,false,0.490838,
train_local1_9,portable,train,good,published,0.0000,annotator1=good;annotator2=good;annotator3=good;consensus=good,graded,,false,0.164003,
train_local1_90,portable,train,bad,published,0.0000,annotator1=bad;annotator2=bad;annotator3=good;consensus=bad,graded,,false,0.443247,
train_local1_91,portable,train,bad,published,0.0000,annotator1=bad;annotator2=bad;annotator3=bad;consensus=bad,graded,,false,0.120820,
train_local1_92,portable,train,bad,published,0.0000,annotator1=bad;annotator2=bad;annotator3=bad;consensus=bad,graded,,false,0.120406,
train_local1_93,portable,train,bad,published,0.0000,annotator1=bad;annotator2=bad;annotator3=good;consensus=bad,graded,,false,0.382156,
train_local1_94,portable,train,bad,published,0.0000,annotator1=bad;annotator2=bad;annotator3=bad;consensus=bad,graded,,false,0.225893,
train_local1_95,portable,train,bad,published,0.0000,annotator1=bad;annotator2=bad;annotator3=bad;consensus=bad,graded,,false,0.357258,
train_local1_96,portable,train,bad,published,0.0000,annotator1=bad;annotator2=bad;annotator3=bad;consensus=bad,graded,,false,0.207876,
train_local1_97,portable,train,bad,published,0.0000,annotator1=bad;annotator2=bad;annotator3=bad;consensus=bad,graded,,false,0.244305,
train_local1_98,portable,train,bad,published,0.0000,annotator1=bad;annotator2=bad;annotator3=bad;consensus=bad,graded,,false,0.037022,
train_local1_99,portable,train,bad,published,0.0000,annotator1=bad;annotator2=bad;annotator3=bad;consensus=bad,graded,,false,0.025841,
train_local2_1,portable,train,good,published,0.0000,annotator1=good;annotator2=good;annotator3=good;consensus=good,graded,,true,0.613121,
train_local2_10,portable,train,good,published,0.0000,annotator1=good;annotator2=good;annotator3=good;consensus=good,graded,,false,0.411592,
train_local2_11,portable,train,good,published,0.0000,annotator1=good;annotator2=good;annotator3=good;consensus=good,graded,,false,0.346170,
train_local2_12,portable,train,good,published,0.0000,annotator1=good;annotator2=good;annotator3=good;consensus=good,graded,,false,0.420079,
train_local2_13,portable,train,good,published,0.0000,annotator1=good;annotator2=good;annotator3=good;consensus=good,graded,,false,0.251571,
train_local2_14,portable,train,good,published,0.0000,annotator1=bad;annotator2=good;annotator3=good;consensus=good,graded,,false,0.101869,
train_local2_15,portable,train,good,published,0.0000,annotator1=good;annotator2=bad;annotator3=bad;consensus=good,graded,,false,0.327471,
train_local2_16,portable,train,good,published,0.0000,annotator1=good;annotator2=bad;annotator3=good;consensus=good,graded,,false,0.156984,
train_local2_17,portable,train,good,published,0.0000,annotator1=good;annotator2=good;annotator3=good;consensus=good,graded,,false,0.322788,
train_local2_18,portable,train,good,published,0.0000,annotator1=good;annotator2=good;annotator3=good;consensus=good,graded,,false,0.484134,
train_local2_19,portable,train,good,published,0.0000,annotator1=good;annotator2=good;annotator3=good;consensus=good,graded,,false,0.475441,
train_local2_2,portable,train,good,published,0.0000,annotator1=good;annotator2=good;annotator3=good;consensus=good,graded,,false,0.243364,
train_local2_20,portable,train,good,published,0.0000,annotator1=good;annotator2=good;annotator3=good;consensus=good,graded,,true,0.550268,
train_local2_21,portable,train,good,published,0.0000,annotator1=good;annotator2=good;annotator3=good;consensus=good,graded,,false,0.363859,
train_local2_22,portable,train,bad,published,0.0000,annotator1=bad;annotator2=bad;annotator3=bad;consensus=bad,graded,,false,0.080840,
train_local2_23,portable,train,bad,published,0.0000,annotator1=bad;annotator2=bad;annotator3=bad;consensus=bad,graded,,false,0.079175,
train_local2_24,portable,train,good,published,0.0000,annotator1=good;annotator2=good;annotator3=good;consensus=good,graded,,true,0.566703,
train_local2_25,portable,train,good,published,0.0000,annotator1=good;annotator2=good;annotator3=good;consensus=good,graded,,true,0.598165,
train_local2_26,portable,train,good,published,0.0000,annotator1=good;annotator2=good;annotator3=good;consensus=good,graded,,true,0.561886,
train_local2_27,portable,train,good,published,0.0000,annotator1=good;annotator2=good;annotator3=good;consensus=good,graded,,true,0.558478,
train_local2_28,portable,train,good,published,0.0000,annotator1=good;annotator2=good;annotator3=bad;consensus=good,graded,,false,0.376041,
train_local2_29,portable,train,good,published,0.0000,annotator1=good;annotator2=bad;annotator3=good;consensus=good,graded,,false,0.148632,
train_local2_3,portable,train,good,published,0.0000,annotator1=good;annotator2=bad;annotator3=bad;consensus=good,graded,,false,0.200079,
train_local2_30,portable,train,good,published,0.0000,annotator1=good;annotator2=good;annotator3=good;consensus=good,graded,,false,0.292291,
train_local2_31,portable,train,bad,published,0.0000,annotator1=bad;annotator2=bad;annotator3=bad;consensus=bad,graded,,false,0.119888,
train_local2_32,portable,train,bad,published,0.0000,annotator1=bad;annotator2=bad;annotator3=bad;consensus=bad,graded,,false,0.177853,
train_local2_33,portable,train,bad,published,0.0000,annotator1=bad;annotator2=bad;annotator3=bad;consensus=bad,graded,,false,0.048324,
train_local2_34,portable,train,bad,published,0.0000,annotator1=bad;annotator2=bad;annotator3=bad;consensus=bad,graded,,false,0.025837,
train_local2_35,portable,train,bad,published,0.0000,annotator1=bad;annotator2=bad;annotator3=bad;consensus=bad,graded,,false,0.038422,
train_local2_36,portable,train,bad,published,0.0000,annotator1=bad;annotator2=bad;annotator3=bad;consensus=bad,graded,,false,0.005672,
train_local2_37,portable,train,bad,published,0.0000,annotator1=bad;annotator2=bad;annotator3=bad;consensus=bad,graded,,false,0.031891,
train_local2_38,portable,train,bad,published,0.0000,annotator1=bad;annotator2=bad;annotator3=bad;consensus=bad,graded,,false,0.055401,
train_local2_39,portable,train,bad,published,0.0000,annotator1=bad;annotator2=bad;annotator3=bad;consensus=bad,graded,,false,0.025906,
train_local2_4,portable,train,bad,published,0.0000,annotator1=bad;annotator2=bad;annotator3=bad;consensus=bad,graded,,false,0.068464,
train_local2_40,portable,train,bad,published,0.0000,annotator1=bad;annotator2=bad;annotator3=bad;consensus=bad,graded,,false,0.027418,
train_local2_41,portable,train,bad,published,0.0000,annotator1=bad;annotator2=bad;annotator3=bad;consensus=bad,graded,,false,0.011602,
train_local2_42,portable,train,bad,published,0.0000,annotator1=bad;annotator2=bad;annotator3=bad;consensus=bad,graded,,false,0.014235,
train_local2_43,portable,train,bad,published,0.0000,annotator1=bad;annotator2=bad;annotator3=bad;consensus=bad,graded,,false,0.008676,
train_local2_44,portable,train,bad,published,0.0000,annotator1=bad;annotator2=bad;annotator3=bad;consensus=bad,graded,,false,0.011732,
train_local2_45,portable,train,bad,published,0.0000,annotator1=bad;annotator2=bad;annotator3=bad;consensus=bad,graded,,false,0.049329,
train_local2_46,portable,train,bad,published,0.0000,annotator1=bad;annotator2=bad;annotator3=bad;consensus=bad,graded,,false,0.048152,
train_local2_47,portable,train,bad,published,0.0000,annotator1=bad;annotator2=bad;annotator3=bad;consensus=bad,graded,,false,0.038106,
train_local2_48,portable,train,bad,published,0.0000,annotator1=bad;annotator2=bad;annotator3=bad;consensus=bad,graded,,false,0.008716,
train_local2_49,portable,train,bad,published,0.0000,annotator1=bad;annotator2=bad;annotator3=bad;consensus=bad,graded,,false,0.014025,
train_local2_5,portable,train,good,published,0.0000,annotator1=good;annotator2=good;annotator3=good;consensus=good,graded,,true,0.678977,
train_local2_50,portable,train,bad,published,0.0000,annotator1=bad;annotator2=bad;annotator3=bad;consensus=bad,graded,,false,0.164377,
train_local2_51,portable,train,bad,published,0.0000,annotator1=bad;annotator2=bad;annotator3=bad;consensus=bad,graded,,false,0.013315,
train_local2_52,portable,train,bad,published,0.0000,annotator1=bad;annotator2=bad;annotator3=bad;consensus=bad,graded,,false,0.007643,
train_local2_53,portable,train,bad,published,0.0000,annotator1=bad;annotator2=bad;annotator3=bad;consensus=bad,graded,,false,0.201252,
train_local2_54,portable,train,bad,published,0.0000,annotator1=bad;annotator2=bad;annotator3=bad;consensus=bad,graded,,false,0.036708,
train_local2_55,portable,train,bad,published,0.0000,annotator1=bad;annotator2=bad;annotator3=bad;consensus=bad,graded,,false,0.028148,
train_local2_56,portable,train,bad,published,0.0000,annotator1=bad;annotator2=bad;annotator3=bad;consensus=bad,graded,,false,0.090801,
train_local2_57,portable,train,bad,published,0.0000,annotator1=bad;annotator2=bad;annotator3=bad;consensus=bad,graded,,false,0.061449,
train_local2_58,portable,train,bad,published,0.0000,annotator1=bad;annotator2=bad;annotator3=bad;consensus=bad,graded,,false,0.098031,
train_local2_59,portable,train,bad,published,0.0000,annotator1=bad;annotator2=bad;annotator3=bad;consensus=bad,graded,,false,0.100457,
train_local2_6,portable,train,good,published,0.0000,annotator1=good;annotator2=good;annotator3=good;consensus=good,graded,,false,0.194478,
train_local2_60,portable,train,bad,published,0.0000,annotator1=bad;annotator2=bad;annotator3=bad;consensus=bad,graded,,false,0.125393,
train_local2_61,portable,train,bad,published,0.0000,annotator1=bad;annotator2=bad;annotator3=bad;consensus=bad,graded,,false,0.011405,
train_local2_62,portable,train,bad,published,0.0000,annotator1=bad;annotator2=bad;annotator3=bad;consensus=bad,graded,,false,0.016222,
train_local2_63,portable,train,bad,published,0.0000,annotator1=bad;annotator2=bad;annotator3=bad;consensus=bad,graded,,false,0.024815,
train_local2_64,portable,train,bad,published,0.0000,annotator1=bad;annotator2=bad;annotator3=bad;consensus=bad,graded,,false,0.240793,
train_local2_65,portable,train,bad,published,0.0000,annotator1=bad;annotator2=bad;annotator3=good;consensus=bad,graded,,false,0.281114,
train_local2_66,portable,train,bad,published,0.0000,annotator1=bad;annotator2=bad;annotator3=bad;consensus=bad,graded,,false,0.151054,
train_local2_67,portable,train,bad,published,0.0000,annotator1=bad;annotator2=bad;annotator3=bad;consensus=bad,graded,,false,0.007723,
train_local2_68,portable,train,bad,published,0.0000,annotator1=bad;annotator2=bad;annotator3=bad;consensus=bad,graded,,false,0.048770,
train_local2_69,portable,train,bad,published,0.0000,annotator1=bad;annotator2=bad;annotator3=bad;consensus=bad,graded,,false,0.018932,
train_local2_7,portable,train,good,published,0.0000,annotator1=good;annotator2=good;annotator3=good;consensus=good,graded,,false,0.384547,
train_local2_70,portable,train,bad,published,0.0000,annotator1=bad;annotator2=bad;annotator3=bad;consensus=bad,graded,,false,0.017795,
train_local2_71,portable,train,bad,published,0.0000,annotator1=bad;annotator2=bad;annotator3=bad;consensus=bad,graded,,false,0.015450,
train_local2_72,portable,train,bad,published,0.0000,annotator1=bad;annotator2=bad;annotator3=bad;consensus=bad,graded,,false,0.009953,
train_local2_73,portable,train,bad,published,0.0000,annotator1=bad;annotator2=bad;annotator3=bad;consensus=bad,graded,,false,0.011966,
train_local2_74,portable,train,bad,published,0.0000,annotator1=bad;annotator2=bad;annotator3=bad;consensus=bad,graded,,false,0.010251,
train_local2_75,portable,train,bad,published,0.0000,annotator1=bad;annotator2=bad;annotator3=bad;consensus=bad,graded,,false,0.035559,
train_local2_76,portable,train,bad,published,0.0000,annotator1=bad;annotator2=bad;annotator3=bad;consensus=bad,graded,,false,0.062261,
train_local2_77,portable,train,bad,published,0.0000,annotator1=bad;annotator2=bad;annotator3=bad;consensus=bad,graded,,false,0.093840,
train_local2_78,portable,train,bad,published,0.0000,annotator1=bad;annotator2=bad;annotator3=bad;consensus=bad,graded,,false,0.015562,
train_local2_79,portable,train,bad,published,0.0000,annotator1=bad;annotator2=bad;annotator3=bad;consensus=bad,graded,,false,0.009667,
train_local2_8,portable,train,bad,published,0.0000,annotator1=bad;annotator2=bad;annotator3=bad;consensus=bad,graded,,false,0.077950,
train_local2_80,portable,train,bad,published,0.0000,annotator1=bad;annotator2=bad;annotator3=bad;consensus=bad,graded,,false,0.018656,
train_local2_81,portable,train,bad,published,0.0000,annotator1=bad;annotator2=bad;annotator3=bad;consensus=bad,graded,,false,0.022157,
train_local2_82,portable,train,bad,published,0.0000,annotator1=bad;annotator2=good;annotator3=good;consensus=bad,graded,,false,0.123298,
train_local2_83,portable,train,bad,published,0.0000,annotator1=bad;annotator2=bad;annotator3=bad;consensus=bad,graded,,false,0.106095,
train_local2_9,portable,train,good,published,0.0000,annotator1=good;annotator2=good;annotator3=good;consensus=good,graded,,true,0.558078,
