key,grade,readers,outcome,verdict,gradeable,bad,good,usable,note
train_100_a,good,,graded,usable,0.558009,0.441991,0.062766,0.495242,
train_101_a,good,,graded,good,0.999963,0.000037,0.996047,0.003916,
train_102_a,usable,,graded,usable,0.863007,0.136993,0.107507,0.755500,
train_103_a,good,,graded,usable,0.952605,0.047395,0.459169,0.493436,
train_104_a,good,,graded,usable,0.969841,0.030159,0.379533,0.590307,
train_105_a,good,,graded,good,0.993946,0.006054,0.778686,0.215260,
train_106_a,usable,,graded,bad,0.193524,0.806477,0.010607,0.182916,
train_107_a,usable,,graded,bad,0.484750,0.515250,0.016179,0.468571,
train_108_a,usable,,graded,bad,0.389800,0.610200,0.013899,0.375901,
train_109_a,usable,,graded,bad,0.406926,0.593074,0.007112,0.399814,
train_10_a,good,,graded,good,0.958107,0.041893,0.782618,0.175489,
train_110_a,good,,graded,usable,0.899977,0.100023,0.176607,0.723369,
train_111_a,good,,graded,usable,0.796532,0.203468,0.089290,0.707241,
train_112_a,good,,graded,good,0.999924,0.000076,0.988456,0.011468,
train_113_a,good,,graded,good,0.996723,0.003277,0.895528,0.101195,
train_114_a,good,,graded,good,0.984016,0.015984,0.732264,0.251751,
train_115_a,good,,graded,good,0.999007,0.000993,0.968325,0.030682,
train_116_a,good,,graded,good,0.999632,0.000368,0.983137,0.016495,
train_117_a,good,,graded,usable,0.845106,0.154894,0.049245,0.795861,
train_118_a,good,,graded,good,0.987686,0.012314,0.607906,0.379781,
train_119_a,good,,graded,good,0.993818,0.006182,0.903304,0.090514,
train_11_a,good,,graded,good,0.998231,0.001770,0.967684,0.030547,
train_120_a,good,,graded,usable,0.845620,0.154380,0.171149,0.674471,
train_121_a,good,,graded,usable,0.969981,0.030019,0.463640,0.506341,
train_122_a,good,,graded,usable,0.804259,0.195741,0.048036,0.756223,
train_123_a,good,,graded,usable,0.955735,0.044265,0.190501,0.765234,
train_124_a,good,,graded,usable,0.734999,0.265001,0.131074,0.603925,
train_125_a,good,,graded,good,0.992941,0.007059,0.877454,0.115487,
train_126_a,good,,graded,usable,0.961039,0.038961,0.351629,0.609410,
train_127_a,good,,graded,usable,0.623940,0.376060,0.012236,0.611704,
train_128_a,good,,graded,usable,0.820057,0.179943,0.045877,0.774180,
train_129_a,good,,graded,good,0.984585,0.015415,0.784155,0.200430,
train_12_a,good,,graded,good,0.996072,0.003928,0.901055,0.095017,
train_130_a,good,,graded,bad,0.502147,0.497853,0.041265,0.460882,
train_131_a,usable,,graded,usable,0.830835,0.169165,0.289893,0.540942,
train_132_a,good,,graded,good,0.992600,0.007400,0.791501,0.201099,
train_133_a,good,,graded,good,0.999262,0.000738,0.951977,0.047285,
train_134_a,good,,graded,usable,0.906247,0.093753,0.311741,0.594505,
train_135_a,good,,graded,good,0.996527,0.003473,0.851747,0.144780,
train_136_a,good,,graded,good,0.997764,0.002236,0.931332,0.066432,
train_137_a,good,,graded,good,0.997727,0.002273,0.896822,0.100905,
train_138_a,usable,,graded,bad,0.399065,0.600935,0.038315,0.360750,
train_139_a,good,,graded,bad,0.477153,0.522847,0.037897,0.439256,
train_13_a,good,,graded,good,0.992880,0.007120,0.878010,0.114870,
train_140_a,good,,graded,usable,0.889844,0.110156,0.230453,0.659391,
train_141_a,good,,graded,usable,0.790011,0.209989,0.147261,0.642750,
train_142_a,good,,graded,usable,0.858999,0.141001,0.228488,0.630511,
train_143_a,bad,,graded,bad,0.281213,0.718787,0.006914,0.274300,
train_144_a,good,,graded,usable,0.648926,0.351074,0.035659,0.613267,
train_145_a,good,,graded,usable,0.888681,0.111319,0.235623,0.653058,
train_146_a,good,,graded,usable,0.892556,0.107444,0.138968,0.753588,
train_147_a,good,,graded,good,0.977643,0.022357,0.765539,0.212104,
train_148_a,good,,graded,usable,0.764393,0.235607,0.177491,0.586903,
train_149_a,good,,graded,usable,0.933994,0.066006,0.118558,0.815436,
train_14_a,good,,graded,usable,0.765108,0.234892,0.077708,0.687400,
train_150_a,good,,graded,good,0.999844,0.000156,0.987048,0.012796,
train_151_d,usable,,graded,usable,0.952758,0.047242,0.122870,0.829888,
train_152_d,good,,graded,good,0.999174,0.000826,0.978382,0.020792,
train_153_d,good,,graded,good,0.986435,0.013565,0.889112,0.097323,
train_154_d,good,,graded,good,0.991012,0.008988,0.559074,0.431939,
train_155_d,bad,,graded,bad,0.142560,0.857440,0.002753,0.139807,
train_156_d,good,,graded,good,0.994198,0.005802,0.870948,0.123249,
train_157_d,good,,graded,usable,0.915716,0.084284,0.198059,0.717657,
train_158_d,good,,graded,usable,0.544538,0.455462,0.045109,0.499428,
train_159_d,good,,graded,good,0.948461,0.051539,0.514848,0.433613,
train_15_a,good,,graded,good,0.988327,0.011673,0.782917,0.205410,
train_160_d,good,,graded,usable,0.922948,0.077052,0.361659,0.561289,
train_161_d,good,,graded,good,0.989910,0.010090,0.779251,0.210660,
train_162_d,good,,graded,good,0.974258,0.025742,0.575299,0.398959,
train_163_d,bad,,graded,bad,0.052975,0.947025,0.000522,0.052453,
train_164_d,good,,graded,good,0.999920,0.000080,0.989257,0.010663,
train_165_d,usable,,graded,bad,0.465012,0.534988,0.015946,0.449066,
train_166_d,bad,,graded,bad,0.132227,0.867773,0.001416,0.130811,
train_167_d,good,,graded,usable,0.639314,0.360686,0.095714,0.543600,
train_168_d,usable,,graded,bad,0.038468,0.961532,0.000547,0.037922,
train_169_d,usable,,graded,usable,0.701550,0.298449,0.112676,0.588875,
train_16_a,good,,graded,good,0.992359,0.007641,0.785060,0.207299,
train_170_d,good,,graded,good,0.985756,0.014244,0.568502,0.417254,
train_171_d,good,,graded,good,0.964600,0.035400,0.589475,0.375125,
train_172_d,good,,graded,good,0.999858,0.000142,0.990567,0.009291,
train_173_d,bad,,graded,bad,0.119616,0.880384,0.001195,0.118421,
train_174_d,good,,graded,good,0.983986,0.016014,0.608810,0.375177,
train_175_d,usable,,graded,usable,0.740745,0.259255,0.062843,0.677902,
train_176_d,good,,graded,good,0.965037,0.034963,0.584855,0.380182,
train_177_d,good,,graded,good,0.999907,0.000093,0.990202,0.009705,
train_178_d,good,,graded,good,0.989018,0.010982,0.638417,0.350601,
train_179_d,good,,graded,usable,0.897236,0.102764,0.329749,0.567486,
train_17_a,good,,graded,good,0.997983,0.002017,0.888262,0.109720,
train_180_d,good,,graded,good,0.939970,0.060030,0.534276,0.405695,
train_181_d,good,,graded,bad,0.340380,0.659620,0.012722,0.327658,
train_182_d,good,,graded,good,0.983328,0.016672,0.679152,0.304176,
train_183_d,good,,graded,usable,0.937105,0.062895,0.458751,0.478353,
train_184_d,good,,graded,good,0.973656,0.026344,0.833128,0.140528,
train_185_d,good,,graded,good,0.991942,0.008058,0.840297,0.151646,
train_186_d,good,,graded,good,0.957751,0.042249,0.566770,0.390982,
train_187_d,good,,graded,bad,0.442543,0.557457,0.033399,0.409144,
train_188_d,good,,graded,good,0.979604,0.020396,0.824009,0.155595,
train_189_d,usable,,graded,usable,0.835423,0.164577,0.175158,0.660266,
train_18_a,good,,graded,usable,0.750265,0.249735,0.087333,0.662932,
train_190_d,good,,graded,usable,0.822190,0.177810,0.273896,0.548293,
train_191_d,good,,graded,good,0.999915,0.000085,0.993077,0.006838,
train_192_d,good,,graded,good,0.996952,0.003048,0.908501,0.088451,
train_193_d,good,,graded,good,0.998286,0.001714,0.934576,0.063710,
train_194_d,good,,graded,usable,0.865630,0.134370,0.219067,0.646564,
train_195_d,good,,graded,usable,0.828352,0.171648,0.224730,0.603622,
train_196_d,good,,graded,usable,0.618998,0.381003,0.149884,0.469114,
train_197_d,good,,graded,good,0.999822,0.000178,0.992544,0.007278,
train_198_d,good,,graded,usable,0.799816,0.200184,0.147559,0.652256,
train_199_d,usable,,graded,usable,0.812453,0.187547,0.083782,0.728671,
train_19_a,good,,graded,good,0.999403,0.000597,0.974832,0.024570,
train_1_a,good,,graded,good,0.986712,0.013288,0.859637,0.127074,
train_200_d,good,,graded,good,0.996176,0.003824,0.834003,0.162172,
train_201_d,bad,,graded,bad,0.048835,0.951165,0.000223,0.048612,
train_202_d,good,,graded,usable,0.877686,0.122314,0.357098,0.520589,
train_203_d,good,,graded,good,0.960392,0.039608,0.623107,0.337286,
train_204_d,good,,graded,usable,0.880327,0.119673,0.239706,0.640621,
train_205_d,good,,graded,good,0.987363,0.012637,0.787121,0.200242,
train_206_d,good,,graded,usable,0.956683,0.043317,0.140971,0.815712,
train_207_d,good,,graded,good,0.998228,0.001772,0.968333,0.029895,
train_208_d,good,,graded,bad,0.051391,0.948609,0.003072,0.048319,
train_209_d,good,,graded,bad,0.444845,0.555155,0.078428,0.366417,
train_20_a,good,,graded,good,0.999811,0.000189,0.976719,0.023092,
train_210_d,usable,,graded,bad,0.144493,0.855507,0.004739,0.139755,
train_211_d,good,,graded,usable,0.628460,0.371540,0.049869,0.578590,
train_212_d,good,,graded,usable,0.931327,0.068673,0.161221,0.770106,
train_213_d,good,,graded,good,0.998765,0.001235,0.899637,0.099128,
train_214_d,good,,graded,bad,0.585956,0.414044,0.183748,0.402209,
train_215_d,bad,,graded,usable,0.736433,0.263567,0.036111,0.700322,
train_216_d,good,,graded,good,0.994775,0.005225,0.783106,0.211668,
train_217_d,good,,graded,good,0.893109,0.106891,0.461736,0.431373,
train_218_d,good,,graded,good,0.969184,0.030816,0.768958,0.200226,
train_219_d,usable,,graded,usable,0.667481,0.332519,0.097511,0.569970,
train_21_a,good,,graded,good,0.956824,0.043176,0.555914,0.400910,
train_220_d,good,,graded,usable,0.974954,0.025046,0.371114,0.603841,
train_221_d,good,,graded,usable,0.673291,0.326709,0.037077,0.636214,
train_222_d,bad,,graded,bad,0.017107,0.982893,0.000155,0.016952,
train_223_d,usable,,graded,usable,0.683640,0.316360,0.027628,0.656011,
train_224_d,good,,graded,usable,0.736291,0.263709,0.238752,0.497539,
train_225_d,good,,graded,usable,0.934484,0.065516,0.399342,0.535142,
train_226_d,good,,graded,good,0.982793,0.017207,0.807790,0.175003,
train_227_d,good,,graded,good,0.992992,0.007008,0.820924,0.172068,
train_228_d,good,,graded,good,0.987574,0.012426,0.677195,0.310379,
train_229_d,good,,graded,good,0.987735,0.012266,0.792380,0.195355,
train_22_a,good,,graded,good,0.988036,0.011964,0.780558,0.207478,
train_230_d,good,,graded,usable,0.878852,0.121148,0.099490,0.779362,
train_231_d,bad,,graded,bad,0.002523,0.997477,0.000015,0.002508,
train_232_d,good,,graded,usable,0.847216,0.152784,0.163569,0.683647,
train_233_d,good,,graded,bad,0.489130,0.510870,0.033140,0.455990,
train_234_d,good,,graded,usable,0.671599,0.328401,0.069795,0.601804,
train_235_d,good,,graded,usable,0.737702,0.262298,0.260624,0.477078,
train_236_d,good,,graded,good,0.989291,0.010709,0.735470,0.253822,
train_237_d,bad,,graded,bad,0.156296,0.843704,0.002308,0.153988,
train_238_d,good,,graded,bad,0.495158,0.504842,0.047228,0.447930,
train_239_d,good,,graded,usable,0.763743,0.236257,0.252975,0.510769,
train_23_a,good,,graded,good,0.998891,0.001109,0.945023,0.053868,
train_240_d,good,,graded,good,0.925388,0.074612,0.491368,0.434020,
train_241_d,good,,graded,bad,0.119841,0.880159,0.002570,0.117271,
train_242_d,usable,,graded,bad,0.401472,0.598528,0.038004,0.363468,
train_243_d,good,,graded,good,0.975838,0.024162,0.515478,0.460360,
train_244_d,good,,graded,good,0.992332,0.007668,0.910252,0.082080,
train_245_d,good,,graded,usable,0.850337,0.149663,0.151983,0.698355,
train_246_d,good,,graded,usable,0.928963,0.071037,0.442022,0.486942,
train_247_d,usable,,graded,bad,0.311616,0.688384,0.010963,0.300653,
train_248_d,good,,graded,good,0.979177,0.020823,0.628409,0.350768,
train_249_d,good,,graded,bad,0.412391,0.587609,0.071732,0.340660,
train_24_a,good,,graded,good,0.999567,0.000433,0.976498,0.023069,
train_250_d,usable,,graded,bad,0.086365,0.913635,0.002071,0.084294,
train_251_d,good,,graded,bad,0.378408,0.621592,0.073784,0.304624,
train_252_d,usable,,graded,bad,0.300777,0.699223,0.022487,0.278290,
train_253_d,good,,graded,bad,0.050496,0.949504,0.003643,0.046854,
train_254_d,good,,graded,good,0.999804,0.000196,0.978855,0.020949,
train_255_d,good,,graded,usable,0.927039,0.072961,0.430889,0.496150,
train_256_d,bad,,graded,bad,0.025918,0.974082,0.000214,0.025704,
train_257_d,good,,graded,good,0.984691,0.015309,0.788124,0.196567,
train_258_d,good,,graded,usable,0.806843,0.193157,0.244223,0.562620,
train_259_d,good,,graded,usable,0.877454,0.122546,0.210525,0.666929,
train_25_a,good,,graded,good,0.999842,0.000158,0.989172,0.010670,
train_260_d,usable,,graded,usable,0.659845,0.340155,0.039832,0.620013,
train_261_d,good,,graded,usable,0.933155,0.066844,0.399927,0.533229,
train_262_d,good,,graded,good,0.994680,0.005320,0.823630,0.171050,
train_263_d,good,,graded,good,0.996289,0.003711,0.879346,0.116943,
train_264_d,good,,graded,good,0.951063,0.048937,0.726032,0.225032,
train_265_d,good,,graded,usable,0.919490,0.080510,0.281619,0.637871,
train_266_d,usable,,graded,bad,0.053578,0.946422,0.001585,0.051993,
train_267_d,usable,,graded,bad,0.037125,0.962875,0.000480,0.036644,
train_268_d,usable,,graded,bad,0.152828,0.847172,0.002767,0.150061,
train_269_d,usable,,graded,bad,0.352445,0.647555,0.029225,0.323220,
train_26_a,good,,graded,good,0.998552,0.001448,0.960456,0.038096,
train_270_d,usable,,graded,bad,0.016101,0.983899,0.000120,0.015982,
train_271_d,good,,graded,good,0.980707,0.019293,0.686805,0.293901,
train_272_d,good,,graded,usable,0.831205,0.168794,0.330360,0.500845,
train_273_d,good,,graded,good,0.957213,0.042787,0.703619,0.253594,
train_274_d,good,,graded,good,0.993424,0.006576,0.773314,0.220110,
train_275_d,good,,graded,usable,0.902596,0.097404,0.251104,0.651492,
train_276_d,good,,graded,good,0.988418,0.011582,0.853075,0.135342,
train_277_d,bad,,graded,bad,0.039182,0.960818,0.000304,0.038878,
train_278_d,usable,,graded,bad,0.175239,0.824761,0.003584,0.171656,
train_279_d,good,,graded,good,0.996701,0.003299,0.933257,0.063443,
train_27_a,good,,graded,usable,0.964985,0.035015,0.235813,0.729173,
train_280_d,bad,,graded,bad,0.205417,0.794583,0.005165,0.200252,
train_281_d,bad,,graded,bad,0.189394,0.810606,0.006861,0.182533,
train_282_d,good,,graded,bad,0.582002,0.417998,0.168055,0.413947,
train_283_d,usable,,graded,bad,0.162230,0.837770,0.002989,0.159240,
train_284_d,bad,,graded,bad,0.044145,0.955855,0.000332,0.043813,
train_285_d,usable,,graded,bad,0.292810,0.707190,0.005638,0.287172,
train_286_d,good,,graded,usable,0.774657,0.225343,0.304836,0.469821,
train_287_d,usable,,graded,bad,0.031754,0.968246,0.000547,0.031206,
train_288_d,good,,graded,good,0.966965,0.033035,0.599862,0.367103,
train_289_d,good,,graded,usable,0.894859,0.105141,0.419526,0.475333,
train_28_a,good,,graded,good,0.998679,0.001321,0.976590,0.022089,
train_290_d,good,,graded,good,0.873364,0.126636,0.451721,0.421643,
train_291_d,good,,graded,good,0.998852,0.001148,0.920462,0.078391,
train_292_d,good,,graded,good,0.998747,0.001253,0.936296,0.062451,
train_293_d,good,,graded,good,0.986283,0.013717,0.623795,0.362488,
train_294_d,usable,,graded,usable,0.957478,0.042522,0.174319,0.783159,
train_295_d,good,,graded,good,0.987579,0.012421,0.745157,0.242423,
train_296_d,good,,graded,usable,0.754383,0.245617,0.175750,0.578633,
train_297_d,usable,,graded,bad,0.276764,0.723236,0.008914,0.267849,
train_298_d,usable,,graded,usable,0.686958,0.313042,0.078279,0.608679,
train_299_d,usable,,graded,bad,0.381851,0.618149,0.011582,0.370269,
train_29_a,bad,,graded,bad,0.185705,0.814295,0.004433,0.181272,
train_2_a,good,,graded,good,0.993615,0.006385,0.840071,0.153544,
train_300_d,good,,graded,usable,0.960028,0.039972,0.190864,0.769164,
train_301_g,bad,,graded,bad,0.155206,0.844794,0.004353,0.150853,
train_302_g,usable,,graded,bad,0.253866,0.746134,0.005368,0.248498,
train_303_g,usable,,graded,bad,0.110811,0.889189,0.003078,0.107733,
train_304_g,good,,graded,usable,0.546467,0.453533,0.038732,0.507734,
train_305_g,good,,graded,good,0.997287,0.002713,0.875307,0.121979,
train_306_g,good,,graded,usable,0.837823,0.162177,0.248071,0.589751,
train_307_g,usable,,graded,usable,0.580223,0.419777,0.056977,0.523246,
train_308_g,good,,graded,bad,0.100212,0.899788,0.003945,0.096267,
train_309_g,usable,,graded,bad,0.280131,0.719869,0.005891,0.274240,
train_30_a,good,,graded,good,0.996382,0.003617,0.943142,0.053240,
train_310_g,good,,graded,usable,0.683721,0.316279,0.142374,0.541347,
train_311_g,good,,graded,usable,0.935752,0.064248,0.239538,0.696213,
train_312_g,good,,graded,good,0.994650,0.005350,0.898305,0.096346,
train_313_g,good,,graded,good,0.985635,0.014365,0.515347,0.470288,
train_314_g,good,,graded,good,0.930320,0.069680,0.476482,0.453838,
train_315_g,good,,graded,good,0.971836,0.028164,0.664182,0.307654,
train_316_g,bad,,graded,bad,0.002921,0.997079,0.000027,0.002893,
train_317_g,usable,,graded,good,0.952584,0.047416,0.504006,0.448578,
train_318_g,good,,graded,usable,0.659809,0.340191,0.077765,0.582045,
train_319_g,bad,,graded,bad,0.007201,0.992799,0.000041,0.007161,
train_31_a,good,,graded,good,0.997878,0.002122,0.893356,0.104522,
train_320_g,usable,,graded,bad,0.399121,0.600879,0.014589,0.384532,
train_321_g,bad,,graded,bad,0.096538,0.903462,0.000741,0.095797,
train_322_g,good,,graded,bad,0.413270,0.586730,0.019141,0.394130,
train_323_g,bad,,graded,bad,0.011458,0.988541,0.000164,0.011295,
train_324_g,bad,,graded,bad,0.092334,0.907666,0.001047,0.091288,
train_325_g,bad,,graded,bad,0.007116,0.992884,0.000045,0.007071,
train_326_g,bad,,graded,bad,0.005898,0.994102,0.000032,0.005866,
train_327_g,good,,graded,usable,0.953943,0.046057,0.367454,0.586489,
train_328_g,usable,,graded,usable,0.546096,0.453904,0.038075,0.508022,
train_329_g,good,,graded,good,0.961811,0.038189,0.602906,0.358905,
train_32_a,good,,graded,good,0.996104,0.003896,0.893141,0.102963,
train_330_g,usable,,graded,bad,0.111592,0.888408,0.001391,0.110201,
train_331_g,bad,,graded,bad,0.002097,0.997903,0.000010,0.002087,
train_332_g,usable,,graded,bad,0.453499,0.546501,0.021090,0.432409,
train_333_g,good,,graded,usable,0.885182,0.114818,0.320994,0.564187,
train_334_g,bad,,graded,bad,0.074855,0.925145,0.000603,0.074253,
train_335_g,usable,,graded,bad,0.140638,0.859362,0.004228,0.136411,
train_336_g,usable,,graded,usable,0.695644,0.304356,0.090129,0.605515,
train_337_g,usable,,graded,bad,0.466466,0.533534,0.012120,0.454346,
train_338_g,usable,,graded,bad,0.273094,0.726906,0.005097,0.267997,
train_339_g,good,,graded,good,0.981858,0.018142,0.710122,0.271737,
train_33_a,good,,graded,good,0.998540,0.001460,0.963009,0.035531,
train_340_g,good,,graded,good,0.999114,0.000887,0.928120,0.070993,
train_341_g,bad,,graded,bad,0.002408,0.997592,0.000013,0.002395,
train_342_g,good,,graded,usable,0.847295,0.152705,0.263937,0.583359,
train_343_g,good,,graded,usable,0.809523,0.190477,0.129792,0.679731,
train_344_g,good,,graded,good,0.987394,0.012606,0.782807,0.204587,
train_345_g,good,,graded,good,0.998939,0.001061,0.962255,0.036684,
train_346_g,good,,graded,good,0.981348,0.018652,0.801853,0.179495,
train_347_g,good,,graded,good,0.988317,0.011683,0.817339,0.170978,
train_348_g,good,,graded,usable,0.842314,0.157686,0.244660,0.597654,
train_349_g,usable,,graded,bad,0.348092,0.651908,0.032102,0.315989,
train_34_a,good,,graded,good,0.987686,0.012314,0.607906,0.379781,
train_350_g,good,,graded,bad,0.480104,0.519896,0.084898,0.395206,
train_351_g,good,,graded,good,0.964200,0.035800,0.499405,0.464795,
train_352_g,usable,,graded,bad,0.057063,0.942937,0.000537,0.056526,
train_353_g,bad,,graded,bad,0.016851,0.983149,0.000125,0.016726,
train_354_g,usable,,graded,bad,0.417987,0.582013,0.025396,0.392591,
train_355_g,usable,,graded,bad,0.172178,0.827822,0.003115,0.169062,
train_356_g,good,,graded,good,0.997815,0.002185,0.908372,0.089443,
train_357_g,good,,graded,good,0.997777,0.002223,0.882675,0.115102,
train_358_g,good,,graded,good,0.999703,0.000297,0.991614,0.008090,
train_359_g,good,,graded,good,0.999930,0.000070,0.996523,0.003407,
train_35_a,good,,graded,good,0.983843,0.016157,0.663418,0.320425,
train_360_g,bad,,graded,bad,0.003166,0.996834,0.000014,0.003152,
train_361_g,bad,,graded,bad,0.002038,0.997962,0.000011,0.002027,
train_362_g,usable,,graded,bad,0.066955,0.933045,0.000864,0.066091,
train_363_g,bad,,graded,bad,0.011946,0.988054,0.000070,0.011876,
train_364_g,bad,,graded,bad,0.008047,0.991953,0.000039,0.008008,
train_365_g,usable,,graded,bad,0.223567,0.776433,0.003096,0.220471,
train_366_g,bad,,graded,bad,0.037286,0.962714,0.000235,0.037051,
train_367_g,good,,graded,good,0.872653,0.127347,0.457517,0.415137,
train_368_g,usable,,graded,bad,0.451257,0.548743,0.073320,0.377937,
train_369_g,usable,,graded,bad,0.442439,0.557561,0.030046,0.412393,
train_36_a,good,,graded,usable,0.929564,0.070436,0.266063,0.663501,
train_370_g,usable,,graded,usable,0.710844,0.289156,0.099107,0.611737,
train_371_g,bad,,graded,bad,0.446242,0.553758,0.008714,0.437528,
train_372_g,usable,,graded,usable,0.779334,0.220666,0.042950,0.736383,
train_373_g,bad,,graded,bad,0.002717,0.997283,0.000013,0.002704,
train_374_g,usable,,graded,bad,0.367288,0.632712,0.011607,0.355681,
train_375_g,usable,,graded,bad,0.368539,0.631461,0.011448,0.357091,
train_376_g,good,,graded,usable,0.869820,0.130180,0.345620,0.524200,
train_377_g,usable,,graded,usable,0.893672,0.106328,0.236820,0.656852,
train_378_g,good,,graded,usable,0.974725,0.025275,0.480384,0.494342,
train_379_g,usable,,graded,usable,0.572582,0.427418,0.053612,0.518971,
train_37_a,good,,graded,good,0.995216,0.004784,0.870785,0.124431,
train_380_g,bad,,graded,bad,0.009737,0.990263,0.000049,0.009688,
train_381_g,bad,,graded,bad,0.297684,0.702316,0.010668,0.287016,
train_382_g,bad,,graded,usable,0.664002,0.335998,0.106395,0.557607,
train_383_g,good,,graded,good,0.988563,0.011437,0.828527,0.160035,
train_384_g,bad,,graded,bad,0.005548,0.994452,0.000027,0.005521,
train_385_g,bad,,graded,bad,0.011180,0.988820,0.000078,0.011102,
train_386_g,good,,graded,usable,0.853461,0.146539,0.229522,0.623938,
train_387_g,good,,graded,usable,0.695407,0.304594,0.091641,0.603766,
train_388_g,good,,graded,usable,0.854449,0.145551,0.393120,0.461329,
train_389_g,good,,graded,good,0.985785,0.014215,0.588884,0.396902,
train_38_a,good,,graded,good,0.991302,0.008697,0.667600,0.323703,
train_390_g,good,,graded,usable,0.951951,0.048049,0.472396,0.479555,
train_391_g,usable,,graded,usable,0.606885,0.393115,0.068201,0.538685,
train_392_g,good,,graded,good,0.904391,0.095609,0.495912,0.408479,
train_393_g,usable,,graded,usable,0.576666,0.423334,0.048332,0.528334,
train_394_g,bad,,graded,bad,0.014111,0.985889,0.000173,0.013939,
train_395_g,usable,,graded,bad,0.165378,0.834622,0.001865,0.163513,
train_396_g,good,,graded,bad,0.519222,0.480778,0.083993,0.435228,
train_397_g,good,,graded,good,0.987417,0.012583,0.685704,0.301712,
train_398_g,good,,graded,usable,0.955664,0.044336,0.418644,0.537020,
train_399_g,usable,,graded,bad,0.258542,0.741458,0.016074,0.242468,
train_39_a,good,,graded,good,0.992600,0.007400,0.791501,0.201099,
train_3_a,good,,graded,good,0.992335,0.007665,0.766463,0.225872,
train_400_g,bad,,graded,bad,0.075673,0.924327,0.001026,0.074647,
train_401_g,bad,,graded,bad,0.002731,0.997269,0.000019,0.002713,
train_402_g,good,,graded,bad,0.200564,0.799436,0.028241,0.172323,
train_403_g,good,,graded,good,0.990655,0.009345,0.876947,0.113707,
train_404_g,bad,,graded,bad,0.016767,0.983233,0.000296,0.016471,
train_405_g,bad,,graded,bad,0.170026,0.829974,0.001663,0.168363,
train_406_g,bad,,graded,bad,0.113408,0.886592,0.001033,0.112374,
train_407_g,good,,graded,usable,0.713787,0.286213,0.099549,0.614237,
train_408_g,good,,graded,good,0.964046,0.035954,0.689176,0.274870,
train_409_g,good,,graded,good,0.991858,0.008142,0.866648,0.125209,
train_40_a,good,,graded,good,0.981434,0.018566,0.694129,0.287305,
train_410_g,bad,,graded,bad,0.322277,0.677723,0.011344,0.310933,
train_411_g,good,,graded,usable,0.937742,0.062258,0.217673,0.720069,
train_412_g,good,,graded,good,0.956567,0.043433,0.611286,0.345281,
train_413_g,good,,graded,bad,0.393311,0.606689,0.063214,0.330097,
train_414_g,good,,graded,usable,0.534694,0.465306,0.059420,0.475274,
train_415_g,usable,,graded,usable,0.888000,0.112000,0.236788,0.651211,
train_416_g,bad,,graded,bad,0.008856,0.991144,0.000060,0.008796,
train_417_g,good,,graded,usable,0.958055,0.041945,0.468447,0.489608,
train_418_g,good,,graded,good,0.995104,0.004896,0.898649,0.096455,
train_419_g,good,,graded,good,0.998971,0.001029,0.970082,0.028890,
train_41_a,good,,graded,good,0.893495,0.106505,0.487314,0.406181,
train_420_g,good,,graded,usable,0.897119,0.102881,0.261884,0.635235,
train_421_g,good,,graded,good,0.994295,0.005705,0.884162,0.110133,
train_422_g,good,,graded,good,0.945976,0.054024,0.514358,0.431618,
train_423_g,good,,graded,usable,0.938241,0.061759,0.298476,0.639765,
train_424_g,good,,graded,good,0.996997,0.003003,0.809153,0.187844,
train_425_g,good,,graded,bad,0.362611,0.637389,0.037746,0.324865,
train_426_g,good,,graded,usable,0.771468,0.228532,0.369415,0.402052,
train_427_g,usable,,graded,bad,0.045776,0.954224,0.000494,0.045281,
train_428_g,good,,graded,usable,0.651178,0.348822,0.037220,0.613958,
train_429_g,good,,graded,usable,0.759465,0.240535,0.113873,0.645593,
train_42_a,good,,graded,good,0.999446,0.000554,0.981807,0.017639,
train_430_g,good,,graded,usable,0.675276,0.324724,0.071309,0.603967,
train_431_g,good,,graded,usable,0.971637,0.028363,0.423698,0.547939,
train_432_g,good,,graded,usable,0.960823,0.039177,0.391631,0.569192,
train_433_g,good,,graded,usable,0.852224,0.147776,0.206446,0.645778,
train_434_g,bad,,graded,bad,0.095092,0.904908,0.000763,0.094329,
train_435_g,good,,graded,good,0.997089,0.002911,0.903611,0.093478,
train_436_g,good,,graded,good,0.977966,0.022034,0.779927,0.198040,
train_437_g,good,,graded,good,0.979371,0.020629,0.747409,0.231962,
train_438_g,bad,,graded,bad,0.139441,0.860559,0.000670,0.138770,
train_439_g,usable,,graded,bad,0.455221,0.544779,0.009437,0.445784,
train_43_a,good,,graded,good,0.999290,0.000710,0.949744,0.049546,
train_440_g,good,,graded,usable,0.616200,0.383800,0.067424,0.548776,
train_441_g,good,,graded,usable,0.921327,0.078673,0.143224,0.778103,
train_442_g,bad,,graded,bad,0.101198,0.898802,0.001094,0.100104,
train_443_g,bad,,graded,bad,0.005974,0.994026,0.000034,0.005940,
train_444_g,good,,graded,usable,0.913151,0.086849,0.186349,0.726802,
train_445_g,good,,graded,usable,0.879431,0.120569,0.243886,0.635545,
train_446_g,good,,graded,usable,0.880322,0.119678,0.290920,0.589403,
train_447_g,bad,,graded,bad,0.002327,0.997673,0.000013,0.002314,
train_448_g,bad,,graded,bad,0.001967,0.998033,0.000010,0.001957,
train_449_g,usable,,graded,bad,0.209988,0.790012,0.002928,0.207060,
train_44_a,usable,,graded,usable,0.848218,0.151782,0.121474,0.726744,
train_450_g,good,,graded,bad,0.397977,0.602023,0.027481,0.370497,
train_451_n,good,,graded,good,0.992573,0.007427,0.908558,0.084016,
train_452_n,good,,graded,good,0.876696,0.123304,0.686245,0.190451,
train_453_n,usable,,graded,usable,0.746274,0.253726,0.091609,0.654665,
train_454_n,usable,,graded,usable,0.847542,0.152458,0.201789,0.645752,
train_455_n,good,,graded,good,0.995803,0.004197,0.876388,0.119415,
train_456_n,usable,,graded,bad,0.446539,0.553461,0.027743,0.418797,
train_457_n,good,,graded,good,0.981982,0.018017,0.603217,0.378765,
train_458_n,good,,graded,good,0.999863,0.000137,0.991159,0.008704,
train_459_n,good,,graded,good,0.995382,0.004618,0.820919,0.174463,
train_45_a,good,,graded,good,0.999721,0.000279,0.961581,0.038141,
train_460_n,good,,graded,good,0.963148,0.036852,0.500481,0.462667,
train_461_n,good,,graded,usable,0.907726,0.092274,0.262721,0.645006,
train_462_n,good,,graded,good,0.989536,0.010464,0.678366,0.311171,
train_463_n,good,,graded,bad,0.483508,0.516492,0.037412,0.446096,
train_464_n,usable,,graded,usable,0.670352,0.329648,0.087813,0.582539,
train_465_n,good,,graded,good,0.994743,0.005257,0.912307,0.082436,
train_466_n,good,,graded,good,0.997973,0.002027,0.943431,0.054542,
train_467_n,good,,graded,good,0.758577,0.241423,0.405245,0.353333,
train_468_n,good,,graded,good,0.881027,0.118973,0.511507,0.369520,
train_469_n,good,,graded,good,0.990959,0.009041,0.903719,0.087240,
train_46_a,good,,graded,good,0.999606,0.000394,0.974233,0.025374,
train_470_n,good,,graded,good,0.988697,0.011303,0.822516,0.166181,
train_471_n,good,,graded,good,0.983072,0.016928,0.834660,0.148412,
train_472_n,good,,graded,good,0.998332,0.001668,0.968413,0.029918,
train_473_n,good,,graded,good,0.992752,0.007248,0.862064,0.130689,
train_474_n,good,,graded,good,0.996960,0.003040,0.878566,0.118394,
train_475_n,good,,graded,good,0.968474,0.031526,0.534585,0.433889,
train_476_n,good,,graded,good,0.999766,0.000234,0.993287,0.006479,
train_477_n,good,,graded,good,0.995466,0.004534,0.812081,0.183385,
train_478_n,good,,graded,usable,0.885856,0.114144,0.249596,0.636259,
train_479_n,good,,graded,usable,0.785598,0.214402,0.158230,0.627367,
train_47_a,good,,graded,good,0.998245,0.001755,0.878846,0.119398,
train_480_n,good,,graded,good,0.907214,0.092786,0.524038,0.383176,
train_481_n,good,,graded,good,0.902847,0.097152,0.700275,0.202572,
train_482_n,good,,graded,good,0.995027,0.004973,0.871545,0.123482,
train_483_n,good,,graded,good,0.998750,0.001250,0.944485,0.054265,
train_484_n,good,,graded,good,0.927096,0.072904,0.638730,0.288366,
train_485_n,good,,graded,good,0.994341,0.005659,0.920302,0.074038,
train_486_n,good,,graded,good,0.997399,0.002601,0.918924,0.078475,
train_487_n,good,,graded,good,0.980282,0.019718,0.773209,0.207073,
train_488_n,good,,graded,good,0.999792,0.000208,0.990148,0.009644,
train_489_n,good,,graded,good,0.994378,0.005622,0.886828,0.107550,
train_48_a,good,,graded,good,0.997197,0.002803,0.956707,0.040490,
train_490_n,good,,graded,good,0.998958,0.001042,0.974218,0.024740,
train_491_n,good,,graded,good,0.994855,0.005145,0.786696,0.208158,
train_492_n,good,,graded,good,0.979911,0.020089,0.740735,0.239176,
train_493_n,good,,graded,usable,0.745489,0.254511,0.052478,0.693011,
train_494_n,good,,graded,good,0.848669,0.151331,0.487275,0.361394,
train_495_n,good,,graded,good,0.994035,0.005965,0.867413,0.126622,
train_496_n,good,,graded,good,0.999831,0.000169,0.992068,0.007763,
train_497_n,good,,graded,good,0.942784,0.057216,0.696932,0.245851,
train_498_n,good,,graded,good,0.999193,0.000807,0.964730,0.034463,
train_499_n,good,,graded,good,0.997410,0.002590,0.962228,0.035182,
train_49_a,good,,graded,good,0.998206,0.001794,0.950935,0.047270,
train_4_a,good,,graded,usable,0.831052,0.168948,0.266490,0.564562,
train_500_n,good,,graded,good,0.992282,0.007718,0.821692,0.170589,
train_501_n,good,,graded,good,0.996089,0.003911,0.894831,0.101258,
train_502_n,good,,graded,good,0.904704,0.095296,0.544205,0.360500,
train_503_n,good,,graded,good,0.998346,0.001654,0.952487,0.045859,
train_504_n,good,,graded,good,0.997965,0.002035,0.934427,0.063538,
train_505_n,good,,graded,good,0.999667,0.000333,0.991769,0.007898,
train_506_n,good,,graded,good,0.996324,0.003676,0.901892,0.094432,
train_507_n,good,,graded,good,0.979764,0.020236,0.794956,0.184807,
train_508_n,good,,graded,good,0.991779,0.008221,0.895175,0.096604,
train_509_n,good,,graded,good,0.972697,0.027303,0.850775,0.121922,
train_50_a,good,,graded,good,0.977765,0.022235,0.706666,0.271100,
train_510_n,good,,graded,usable,0.751240,0.248760,0.121518,0.629722,
train_511_n,good,,graded,good,0.998429,0.001571,0.950334,0.048096,
train_512_n,good,,graded,good,0.997510,0.002490,0.917112,0.080399,
train_513_n,good,,graded,good,0.996584,0.003416,0.908922,0.087662,
train_514_n,good,,graded,good,0.989910,0.010090,0.723108,0.266802,
train_515_n,good,,graded,good,0.999417,0.000583,0.967888,0.031529,
train_516_n,good,,graded,good,0.998168,0.001832,0.961971,0.036198,
train_517_n,good,,graded,good,0.994949,0.005051,0.933051,0.061898,
train_518_n,good,,graded,good,0.920035,0.079965,0.624376,0.295658,
train_519_n,good,,graded,usable,0.923101,0.076899,0.358734,0.564367,
train_51_a,good,,graded,usable,0.717317,0.282683,0.079759,0.637558,
train_520_n,good,,graded,good,0.994762,0.005238,0.901900,0.092863,
train_521_n,good,,graded,good,0.997991,0.002009,0.904296,0.093696,
train_522_n,good,,graded,good,0.996003,0.003997,0.888671,0.107332,
train_523_n,good,,graded,usable,0.865173,0.134827,0.419530,0.445644,
train_524_n,good,,graded,good,0.950602,0.049398,0.548855,0.401747,
train_525_n,good,,graded,usable,0.656330,0.343670,0.068303,0.588027,
train_526_n,good,,graded,usable,0.890836,0.109164,0.231887,0.658949,
train_527_n,good,,graded,good,0.985194,0.014806,0.613849,0.371345,
train_528_n,good,,graded,good,0.994334,0.005666,0.856709,0.137625,
train_529_n,good,,graded,usable,0.789675,0.210325,0.132853,0.656823,
train_52_a,good,,graded,good,0.999680,0.000320,0.986906,0.012775,
train_530_n,good,,graded,usable,0.829280,0.170720,0.318574,0.510705,
train_531_n,usable,,graded,usable,0.613044,0.386956,0.034508,0.578536,
train_532_n,good,,graded,good,0.988525,0.011475,0.830057,0.158468,
train_533_n,good,,graded,usable,0.909908,0.090092,0.244657,0.665251,
train_534_n,good,,graded,bad,0.393990,0.606010,0.027442,0.366547,
train_535_n,good,,graded,usable,0.941791,0.058209,0.348357,0.593434,
train_536_n,good,,graded,usable,0.545788,0.454212,0.034878,0.510910,
train_537_n,good,,graded,bad,0.410456,0.589544,0.009343,0.401113,
train_538_n,good,,graded,good,0.999482,0.000518,0.974027,0.025455,
train_539_n,good,,graded,good,0.997456,0.002544,0.935928,0.061528,
train_53_a,good,,graded,good,0.993128,0.006872,0.791746,0.201382,
train_540_n,good,,graded,good,0.982111,0.017889,0.791650,0.190461,
train_541_n,good,,graded,good,0.991261,0.008739,0.814887,0.176374,
train_542_n,good,,graded,good,0.996481,0.003519,0.957483,0.038999,
train_543_n,good,,graded,good,0.998401,0.001599,0.955766,0.042636,
train_544_n,good,,graded,good,0.966739,0.033261,0.653395,0.313345,
train_545_n,good,,graded,usable,0.829164,0.170836,0.179975,0.649189,
train_546_n,good,,graded,bad,0.283479,0.716522,0.010188,0.273291,
train_547_n,good,,graded,good,0.963048,0.036952,0.586444,0.376604,
train_548_n,good,,graded,good,0.994155,0.005845,0.871850,0.122306,
train_549_n,good,,graded,good,0.998553,0.001447,0.937572,0.060981,
train_54_a,good,,graded,good,0.998773,0.001227,0.909968,0.088805,
train_550_n,good,,graded,good,0.994293,0.005707,0.835065,0.159228,
train_551_n,good,,graded,good,0.993079,0.006921,0.823509,0.169570,
train_552_n,good,,graded,good,0.985973,0.014027,0.820013,0.165960,
train_553_n,good,,graded,good,0.990259,0.009741,0.823507,0.166752,
train_554_n,good,,graded,good,0.995642,0.004358,0.932563,0.063079,
train_555_n,good,,graded,good,0.992359,0.007641,0.904175,0.088184,
train_556_n,good,,graded,good,0.990004,0.009996,0.693980,0.296024,
train_557_n,good,,graded,good,0.997251,0.002749,0.956093,0.041157,
train_558_n,good,,graded,good,0.998595,0.001405,0.971088,0.027507,
train_559_n,good,,graded,good,0.999792,0.000208,0.987981,0.011811,
train_55_a,good,,graded,usable,0.906247,0.093753,0.311741,0.594505,
train_560_n,good,,graded,good,0.978075,0.021925,0.690492,0.287583,
train_561_n,good,,graded,good,0.993952,0.006048,0.918521,0.075432,
train_562_n,good,,graded,good,0.953303,0.046697,0.622914,0.330389,
train_563_n,good,,graded,good,0.999184,0.000816,0.969923,0.029260,
train_564_n,good,,graded,good,0.999712,0.000288,0.989705,0.010007,
train_565_n,good,,graded,good,0.991732,0.008268,0.796759,0.194974,
train_566_n,good,,graded,good,0.990145,0.009855,0.751769,0.238376,
train_567_n,good,,graded,good,0.976314,0.023686,0.582679,0.393635,
train_568_n,good,,graded,usable,0.942415,0.057585,0.460760,0.481655,
train_569_n,good,,graded,good,0.999012,0.000988,0.926926,0.072086,
train_56_a,good,,graded,usable,0.720025,0.279975,0.139016,0.581009,
train_570_n,good,,graded,good,0.999500,0.000501,0.971491,0.028009,
train_571_n,good,,graded,good,0.999220,0.000780,0.967512,0.031708,
train_572_n,good,,graded,good,0.999436,0.000564,0.983849,0.015587,
train_573_n,good,,graded,good,0.998791,0.001209,0.970550,0.028240,
train_574_n,good,,graded,good,0.999344,0.000656,0.980477,0.018866,
train_575_n,good,,graded,good,0.988306,0.011694,0.716324,0.271982,
train_576_n,good,,graded,good,0.989722,0.010278,0.783013,0.206709,
train_577_n,good,,graded,good,0.999826,0.000174,0.988092,0.011734,
train_578_n,good,,graded,good,0.999667,0.000333,0.981116,0.018551,
train_579_n,good,,graded,good,0.997863,0.002137,0.925724,0.072139,
train_57_a,good,,graded,good,0.982167,0.017833,0.742805,0.239363,
train_580_n,good,,graded,good,0.997699,0.002301,0.882711,0.114988,
train_581_n,good,,graded,good,0.999715,0.000285,0.978358,0.021357,
train_582_n,good,,graded,good,0.999009,0.000991,0.970294,0.028716,
train_583_n,good,,graded,good,0.998810,0.001190,0.973529,0.025280,
train_584_n,good,,graded,good,0.999597,0.000403,0.982602,0.016995,
train_585_n,good,,graded,good,0.999213,0.000787,0.962242,0.036971,
train_586_n,good,,graded,good,0.997564,0.002436,0.882876,0.114688,
train_587_n,good,,graded,good,0.993712,0.006288,0.884602,0.109110,
train_588_n,good,,graded,good,0.988346,0.011654,0.840433,0.147913,
train_589_n,good,,graded,good,0.999682,0.000318,0.989474,0.010209,
train_58_a,good,,graded,usable,0.900799,0.099201,0.114092,0.786707,
train_590_n,good,,graded,good,0.999777,0.000222,0.984430,0.015348,
train_591_n,good,,graded,good,0.999310,0.000690,0.986059,0.013252,
train_592_n,good,,graded,good,0.999323,0.000677,0.976546,0.022777,
train_593_n,good,,graded,good,0.996350,0.003650,0.901274,0.095076,
train_594_n,good,,graded,good,0.999862,0.000138,0.994162,0.005700,
train_595_n,good,,graded,good,0.995008,0.004992,0.886152,0.108856,
train_596_n,good,,graded,good,0.992820,0.007180,0.870297,0.122523,
train_597_n,good,,graded,good,0.999976,0.000024,0.997921,0.002055,
train_598_n,good,,graded,good,0.999239,0.000761,0.970791,0.028448,
train_599_n,good,,graded,good,0.999889,0.000111,0.993772,0.006118,
train_59_a,usable,,graded,bad,0.010610,0.989390,0.000116,0.010494,
train_5_a,good,,graded,good,0.992002,0.007998,0.863590,0.128412,
train_600_n,good,,graded,good,0.999345,0.000655,0.975699,0.023646,
train_60_a,good,,graded,good,0.974742,0.025258,0.661058,0.313685,
train_61_a,good,,graded,usable,0.969981,0.030019,0.463640,0.506341,
train_62_a,good,,graded,usable,0.932483,0.067517,0.398684,0.533799,
train_63_a,good,,graded,good,0.987998,0.012002,0.729811,0.258187,
train_64_a,good,,graded,good,0.998945,0.001055,0.961716,0.037229,
train_65_a,good,,graded,good,0.885874,0.114126,0.454528,0.431346,
train_66_a,usable,,graded,usable,0.731417,0.268582,0.074906,0.656512,
train_67_a,good,,graded,usable,0.933170,0.066830,0.164088,0.769082,
train_68_a,good,,graded,usable,0.972442,0.027558,0.088087,0.884355,
train_69_a,good,,graded,good,0.994142,0.005858,0.844373,0.149769,
train_6_a,good,,graded,good,0.996721,0.003279,0.830293,0.166428,
train_70_a,good,,graded,usable,0.822253,0.177747,0.311220,0.511033,
train_71_a,good,,graded,good,0.999601,0.000399,0.970754,0.028847,
train_72_a,good,,graded,good,0.999846,0.000154,0.987244,0.012602,
train_73_a,good,,graded,good,0.999825,0.000175,0.987101,0.012724,
train_74_a,good,,graded,good,0.988738,0.011262,0.785300,0.203438,
train_75_a,good,,graded,good,0.993207,0.006793,0.925500,0.067708,
train_76_a,bad,,graded,usable,0.684157,0.315843,0.024417,0.659740,
train_77_a,usable,,graded,good,0.936358,0.063642,0.528474,0.407884,
train_78_a,good,,graded,usable,0.947298,0.052702,0.275371,0.671927,
train_79_a,good,,graded,good,0.977701,0.022299,0.640613,0.337087,
train_7_a,good,,graded,good,0.958184,0.041816,0.496677,0.461507,
train_80_a,good,,graded,usable,0.765300,0.234700,0.160296,0.605004,
train_81_a,good,,graded,good,0.998074,0.001926,0.932314,0.065759,
train_82_a,usable,,graded,usable,0.618822,0.381178,0.034368,0.584454,
train_83_a,usable,,graded,usable,0.589416,0.410584,0.039183,0.550233,
train_84_a,usable,,graded,bad,0.320898,0.679102,0.013442,0.307456,
train_85_a,usable,,graded,usable,0.605999,0.394001,0.023320,0.582679,
train_86_a,good,,graded,good,0.994342,0.005658,0.815585,0.178757,
train_87_a,good,,graded,good,0.999046,0.000954,0.964472,0.034574,
train_88_a,good,,graded,usable,0.937626,0.062374,0.376816,0.560810,
train_89_a,good,,graded,usable,0.711973,0.288027,0.054995,0.656978,
train_8_a,good,,graded,usable,0.925713,0.074287,0.366991,0.558722,
train_90_a,good,,graded,good,0.998395,0.001605,0.872602,0.125792,
train_91_a,usable,,graded,bad,0.366627,0.633373,0.010153,0.356474,
train_92_a,good,,graded,good,0.976425,0.023575,0.506183,0.470242,
train_93_a,good,,graded,usable,0.793682,0.206318,0.074528,0.719154,
train_94_a,good,,graded,usable,0.641237,0.358763,0.109229,0.532008,
train_95_a,good,,graded,good,0.990757,0.009243,0.674033,0.316725,
train_96_a,good,,graded,usable,0.923920,0.076080,0.128048,0.795871,
train_97_a,good,,graded,good,0.993128,0.006872,0.791746,0.201382,
train_98_a,usable,,graded,usable,0.745224,0.254776,0.046624,0.698600,
train_99_a,usable,,graded,bad,0.417403,0.582597,0.014802,0.402602,
train_9_a,good,,graded,usable,0.887161,0.112839,0.424274,0.462886,
