key,subset,split,grade,grade_source,pad_fraction,readers,outcome,verdict,carried_by_its_pipeline,gradeable,bad,good,usable,note
test_dr_zju_151,cfp,test,good,published,0.0000,annotator1=good;annotator2=good;annotator3=good,graded,good,true,0.999834,0.000166,0.990872,0.008962,
test_dr_zju_152,cfp,test,good,published,0.0000,annotator1=good;annotator2=good;annotator3=good,graded,usable,true,0.925896,0.074104,0.355208,0.570688,
test_dr_zju_153,cfp,test,bad,published,0.0000,annotator1=bad;annotator2=bad;annotator3=bad,graded,bad,false,0.099861,0.900139,0.002204,0.097657,
test_dr_zju_156,cfp,test,good,published,0.0000,annotator1=good;annotator2=good;annotator3=good,graded,good,true,0.994242,0.005758,0.820397,0.173844,
test_dr_zju_158,cfp,test,good,published,0.0000,annotator1=good;annotator2=good;annotator3=good,graded,good,true,0.988409,0.011591,0.672981,0.315428,
test_dr_zju_159,cfp,test,good,published,0.0000,annotator1=good;annotator2=good;annotator3=good,graded,usable,true,0.940470,0.059530,0.246263,0.694208,
test_dr_zju_160,cfp,test,good,published,0.0000,annotator1=good;annotator2=good;annotator3=good,graded,usable,false,0.729988,0.270012,0.056073,0.673915,
test_dr_zju_161,cfp,test,good,published,0.0000,annotator1=good;annotator2=good;annotator3=good,graded,good,true,0.997800,0.002200,0.900677,0.097123,
test_dr_zju_162,cfp,test,bad,published,0.0000,annotator1=bad;annotator2=bad;annotator3=bad,graded,bad,false,0.317755,0.682245,0.005760,0.311995,
test_dr_zju_163,cfp,test,good,published,0.0000,annotator1=good;annotator2=good;annotator3=good,graded,good,true,0.995769,0.004231,0.898907,0.096862,
test_dr_zju_164,cfp,test,good,published,0.0000,annotator1=good;annotator2=good;annotator3=good,graded,good,true,0.997532,0.002468,0.892012,0.105521,
test_dr_zju_165,cfp,test,good,published,0.0000,annotator1=good;annotator2=good;annotator3=good,graded,good,true,0.998832,0.001168,0.954666,0.044166,
test_dr_zju_167,cfp,test,good,published,0.0000,annotator1=good;annotator2=good;annotator3=good,graded,good,true,0.986882,0.013118,0.702218,0.284664,
test_dr_zju_168,cfp,test,good,published,0.0000,annotator1=good;annotator2=good;annotator3=good,graded,good,true,0.999950,0.000050,0.992762,0.007187,
test_dr_zju_169,cfp,test,good,published,0.0000,annotator1=good;annotator2=good;annotator3=good,graded,good,true,0.991933,0.008067,0.678547,0.313386,
test_dr_zju_170,cfp,test,good,published,0.0000,annotator1=good;annotator2=good;annotator3=good,graded,usable,false,0.721162,0.278838,0.087755,0.633408,
test_dr_zju_171,cfp,test,good,published,0.0000,annotator1=good;annotator2=good;annotator3=good,graded,good,true,0.998799,0.001201,0.965263,0.033536,
test_dr_zju_172,cfp,test,good,published,0.0000,annotator1=good;annotator2=good;annotator3=good,graded,good,true,0.998585,0.001415,0.971686,0.026899,
test_dr_zju_173,cfp,test,good,published,0.0000,annotator1=good;annotator2=good;annotator3=good,graded,good,true,0.974268,0.025732,0.686874,0.287394,
test_dr_zju_174,cfp,test,good,published,0.0000,annotator1=good;annotator2=good;annotator3=good,graded,good,true,0.999789,0.000211,0.980706,0.019083,
test_dr_zju_175,cfp,test,bad,published,0.0000,annotator1=bad;annotator2=bad;annotator3=bad,graded,usable,false,0.738035,0.261965,0.162292,0.575743,
test_dr_zju_176,cfp,test,good,published,0.0000,annotator1=good;annotator2=good;annotator3=good,graded,good,true,0.992894,0.007106,0.889689,0.103205,
test_dr_zju_177,cfp,test,good,published,0.0000,annotator1=good;annotator2=good;annotator3=good,graded,good,true,0.999015,0.000985,0.961767,0.037248,
test_dr_zju_179,cfp,test,bad,published,0.0000,annotator1=bad;annotator2=bad;annotator3=bad,graded,usable,false,0.632736,0.367264,0.031041,0.601695,
test_dr_zju_180,cfp,test,good,published,0.0000,annotator1=good;annotator2=good;annotator3=good,graded,good,true,0.997933,0.002067,0.951786,0.046147,
test_dr_zju_181,cfp,test,good,published,0.0000,annotator1=good;annotator2=good;annotator3=good,graded,good,true,0.997595,0.002405,0.894358,0.103237,
test_dr_zju_182,cfp,test,good,published,0.0000,annotator1=good;annotator2=good;annotator3=good,graded,usable,false,0.657966,0.342034,0.055202,0.602763,
test_dr_zju_183,cfp,test,good,published,0.0000,annotator1=good;annotator2=good;annotator3=good,graded,usable,true,0.962835,0.037165,0.398501,0.564335,
test_dr_zju_184,cfp,test,bad,published,0.0000,annotator1=bad;annotator2=bad;annotator3=bad,graded,bad,false,0.002468,0.997532,0.000013,0.002455,
test_dr_zju_185,cfp,test,bad,published,0.0000,annotator1=bad;annotator2=bad;annotator3=bad,graded,bad,false,0.032680,0.967320,0.000184,0.032496,
test_dr_zju_186,cfp,test,bad,published,0.0000,annotator1=bad;annotator2=bad;annotator3=bad,graded,bad,false,0.110221,0.889779,0.001851,0.108370,
test_dr_zju_187,cfp,test,bad,published,0.0000,annotator1=bad;annotator2=bad;annotator3=bad,graded,bad,false,0.001961,0.998039,0.000010,0.001951,
test_glaucoma_42,cfp,test,bad,published,0.0013,annotator1=bad;annotator2=bad;annotator3=bad;consensus=bad,graded,bad,false,0.003117,0.996883,0.000014,0.003102,
test_glaucoma_43,cfp,test,bad,published,0.0039,annotator1=bad;annotator2=bad;annotator3=bad;consensus=bad,graded,bad,false,0.003727,0.996273,0.000020,0.003707,
test_glaucoma_44,cfp,test,bad,published,0.0039,annotator1=bad;annotator2=bad;annotator3=bad;consensus=bad,graded,bad,false,0.002366,0.997634,0.000016,0.002351,
test_glaucoma_45,cfp,test,bad,published,0.0020,annotator1=bad;annotator2=bad;annotator3=bad;consensus=bad,graded,bad,false,0.002636,0.997365,0.000012,0.002623,
test_glaucoma_46,cfp,test,bad,published,0.0040,annotator1=bad;annotator2=bad;annotator3=bad;consensus=bad,graded,bad,false,0.002806,0.997194,0.000014,0.002793,
test_glaucoma_47,cfp,test,bad,published,0.0026,annotator1=bad;annotator2=bad;annotator3=bad;consensus=bad,graded,bad,false,0.006748,0.993252,0.000045,0.006703,
test_glaucoma_48,cfp,test,bad,published,0.0464,annotator1=bad;annotator2=bad;annotator3=bad;consensus=bad,graded,bad,false,0.002047,0.997953,0.000010,0.002037,
test_glaucoma_49,cfp,test,bad,published,0.0026,annotator1=bad;annotator2=bad;annotator3=bad;consensus=bad,graded,bad,false,0.002694,0.997306,0.000017,0.002677,
test_glaucoma_50,cfp,test,bad,published,0.0033,annotator1=bad;annotator2=bad;annotator3=bad;consensus=bad,graded,bad,false,0.003539,0.996461,0.000023,0.003516,
test_glaucoma_51,cfp,test,bad,published,0.0065,annotator1=bad;annotator2=bad;annotator3=bad;consensus=bad,graded,bad,false,0.001895,0.998105,0.000009,0.001886,
test_glaucoma_52,cfp,test,bad,published,0.0000,annotator1=bad;annotator2=bad;annotator3=bad;consensus=bad,graded,bad,false,0.027929,0.972071,0.000187,0.027742,
test_healthy_22,cfp,test,good,published,0.0052,annotator1=good;annotator2=good;annotator3=good;consensus=good,graded,good,true,0.995511,0.004489,0.815115,0.180396,
test_healthy_23,cfp,test,good,published,0.0046,annotator1=good;annotator2=good;annotator3=good;consensus=good,graded,usable,true,0.891316,0.108684,0.259527,0.631789,
test_healthy_24,cfp,test,good,published,0.0046,annotator1=good;annotator2=good;annotator3=good;consensus=good,graded,usable,true,0.769478,0.230522,0.141966,0.627512,
test_healthy_25,cfp,test,good,published,0.0052,annotator1=good;annotator2=good;annotator3=good;consensus=good,graded,good,true,0.900612,0.099388,0.527785,0.372826,
test_healthy_26,cfp,test,good,published,0.0065,annotator1=good;annotator2=good;annotator3=good;consensus=good,graded,good,true,0.908349,0.091651,0.717594,0.190755,
test_local1_160,portable,test,bad,published,0.0000,annotator1=bad;annotator2=bad;annotator3=bad;consensus=bad,graded,bad,false,0.002442,0.997558,0.000015,0.002428,
test_local1_161,portable,test,bad,published,0.0000,annotator1=bad;annotator2=bad;annotator3=bad;consensus=bad,graded,bad,false,0.002369,0.997631,0.000015,0.002355,
test_local1_162,portable,test,bad,published,0.0000,annotator1=bad;annotator2=bad;annotator3=bad;consensus=bad,graded,bad,false,0.005153,0.994847,0.000040,0.005113,
test_local1_163,portable,test,bad,published,0.0000,annotator1=bad;annotator2=bad;annotator3=bad;consensus=bad,graded,bad,false,0.002242,0.997758,0.000013,0.002229,
test_local1_164,portable,test,bad,published,0.0000,annotator1=bad;annotator2=bad;annotator3=bad;consensus=bad,graded,bad,false,0.006457,0.993544,0.000030,0.006427,
test_local1_165,portable,test,bad,published,0.0000,annotator1=bad;annotator2=bad;annotator3=bad;consensus=bad,graded,bad,false,0.002255,0.997745,0.000012,0.002244,
test_local1_166,portable,test,bad,published,0.0000,annotator1=bad;annotator2=bad;annotator3=bad;consensus=bad,graded,bad,false,0.002366,0.997634,0.000013,0.002353,
test_local1_167,portable,test,bad,published,0.0000,annotator1=bad;annotator2=bad;annotator3=bad;consensus=bad,graded,bad,false,0.002055,0.997945,0.000009,0.002046,
test_local1_168,portable,test,bad,published,0.0000,annotator1=bad;annotator2=bad;annotator3=bad;consensus=bad,graded,bad,false,0.002442,0.997558,0.000015,0.002428,
test_local1_169,portable,test,bad,published,0.0000,annotator1=bad;annotator2=bad;annotator3=bad;consensus=bad,graded,bad,false,0.005153,0.994847,0.000040,0.005113,
test_local1_170,portable,test,bad,published,0.0000,annotator1=bad;annotator2=bad;annotator3=bad;consensus=bad,graded,bad,false,0.002952,0.997048,0.000014,0.002938,
test_local1_171,portable,test,bad,published,0.0000,annotator1=bad;annotator2=bad;annotator3=bad;consensus=bad,graded,bad,false,0.002224,0.997776,0.000010,0.002214,
test_local1_172,portable,test,bad,published,0.0000,annotator1=bad;annotator2=bad;annotator3=bad;consensus=bad,graded,bad,false,0.002214,0.997786,0.000010,0.002204,
test_local1_173,portable,test,bad,published,0.0000,annotator1=bad;annotator2=bad;annotator3=bad;consensus=bad,graded,bad,false,0.001993,0.998007,0.000009,0.001984,
test_local1_174,portable,test,bad,published,0.0000,annotator1=bad;annotator2=bad;annotator3=bad;consensus=bad,graded,bad,false,0.002146,0.997854,0.000010,0.002135,
test_local1_175,portable,test,bad,published,0.0000,annotator1=bad;annotator2=bad;annotator3=bad;consensus=bad,graded,bad,false,0.005266,0.994734,0.000022,0.005244,
test_local1_176,portable,test,bad,published,0.0000,annotator1=bad;annotator2=bad;annotator3=bad;consensus=bad,graded,bad,false,0.002362,0.997638,0.000013,0.002349,
test_local1_177,portable,test,bad,published,0.0000,annotator1=bad;annotator2=bad;annotator3=bad;consensus=bad,graded,bad,false,0.002668,0.997332,0.000019,0.002649,
test_local1_178,portable,test,good,published,0.0000,annotator1=bad;annotator2=good;annotator3=bad;consensus=good,graded,bad,false,0.005200,0.994800,0.000053,0.005147,
test_local1_179,portable,test,good,published,0.0000,annotator1=good;annotator2=good;annotator3=good;consensus=good,graded,bad,false,0.473880,0.526120,0.270753,0.203127,
test_local1_180,portable,test,bad,published,0.0000,annotator1=bad;annotator2=bad;annotator3=bad;consensus=bad,graded,bad,false,0.086321,0.913679,0.001532,0.084789,
test_local1_181,portable,test,bad,published,0.0000,annotator1=bad;annotator2=bad;annotator3=bad;consensus=bad,graded,bad,false,0.002504,0.997496,0.000017,0.002487,
test_local1_182,portable,test,bad,published,0.0000,annotator1=bad;annotator2=bad;annotator3=bad;consensus=bad,graded,bad,false,0.004810,0.995190,0.000037,0.004772,
test_local1_183,portable,test,good,published,0.0000,annotator1=good;annotator2=good;annotator3=good;consensus=good,graded,good,true,0.997836,0.002164,0.926862,0.070973,
test_local1_184,portable,test,good,published,0.0000,annotator1=good;annotator2=good;annotator3=good;consensus=good,graded,usable,true,0.813122,0.186878,0.133593,0.679529,
test_local1_185,portable,test,good,published,0.0000,annotator1=good;annotator2=good;annotator3=good;consensus=good,graded,usable,false,0.682012,0.317988,0.049710,0.632301,
test_local1_186,portable,test,good,published,0.0000,annotator1=good;annotator2=good;annotator3=good;consensus=good,graded,bad,false,0.395984,0.604016,0.011405,0.384579,
test_local1_187,portable,test,good,published,0.0000,annotator1=good;annotator2=good;annotator3=good;consensus=good,graded,good,true,0.931876,0.068124,0.724866,0.207010,
test_local1_188,portable,test,good,published,0.0000,annotator1=good;annotator2=good;annotator3=good;consensus=good,graded,good,true,0.990656,0.009344,0.690914,0.299742,
test_local1_189,portable,test,good,published,0.0000,annotator1=good;annotator2=good;annotator3=good;consensus=good,graded,usable,false,0.743436,0.256564,0.146127,0.597309,
test_local1_190,portable,test,good,published,0.0000,annotator1=good;annotator2=good;annotator3=good;consensus=good,graded,bad,false,0.476251,0.523749,0.059771,0.416479,
test_local1_191,portable,test,good,published,0.0000,annotator1=good;annotator2=good;annotator3=good;consensus=good,graded,bad,false,0.075735,0.924264,0.008956,0.066780,
test_local1_192,portable,test,good,published,0.0000,annotator1=good;annotator2=good;annotator3=good;consensus=good,graded,usable,true,0.840021,0.159979,0.311089,0.528932,
test_local1_193,portable,test,bad,published,0.0000,annotator1=bad;annotator2=bad;annotator3=bad;consensus=bad,graded,bad,false,0.003922,0.996078,0.000052,0.003870,
test_local1_194,portable,test,bad,published,0.0000,annotator1=bad;annotator2=bad;annotator3=bad;consensus=bad,graded,bad,false,0.002862,0.997138,0.000020,0.002842,
test_local1_195,portable,test,bad,published,0.0000,annotator1=bad;annotator2=bad;annotator3=bad;consensus=bad,graded,bad,false,0.003177,0.996823,0.000037,0.003140,
test_local1_196,portable,test,good,published,0.0000,annotator1=bad;annotator2=good;annotator3=good;consensus=good,graded,bad,false,0.028968,0.971032,0.000833,0.028135,
test_local1_197,portable,test,bad,published,0.0000,annotator1=bad;annotator2=bad;annotator3=bad;consensus=bad,graded,bad,false,0.002783,0.997217,0.000026,0.002757,
test_local1_198,portable,test,bad,published,0.0000,annotator1=bad;annotator2=bad;annotator3=bad;consensus=bad,graded,bad,false,0.009064,0.990936,0.000198,0.008866,
test_local1_199,portable,test,bad,published,0.0000,annotator1=bad;annotator2=bad;annotator3=bad;consensus=bad,graded,bad,false,0.103075,0.896925,0.001734,0.101340,
test_local2_100,portable,test,bad,published,0.0000,annotator1=bad;annotator2=bad;annotator3=bad;consensus=bad,graded,bad,false,0.067168,0.932832,0.002041,0.065126,
test_local2_101,portable,test,bad,published,0.0000,annotator1=bad;annotator2=bad;annotator3=bad;consensus=bad,graded,bad,false,0.002326,0.997674,0.000011,0.002315,
test_local2_102,portable,test,bad,published,0.0000,annotator1=bad;annotator2=bad;annotator3=bad;consensus=bad,graded,bad,false,0.002088,0.997912,0.000011,0.002077,
test_local2_103,portable,test,bad,published,0.0000,annotator1=bad;annotator2=bad;annotator3=bad;consensus=bad,graded,bad,false,0.002403,0.997597,0.000011,0.002392,
test_local2_84,portable,test,bad,published,0.0000,annotator1=bad;annotator2=bad;annotator3=bad;consensus=bad,graded,bad,false,0.002045,0.997954,0.000011,0.002035,
test_local2_85,portable,test,bad,published,0.0000,annotator1=bad;annotator2=bad;annotator3=bad;consensus=bad,graded,bad,false,0.002270,0.997730,0.000012,0.002258,
test_local2_86,portable,test,bad,published,0.0000,annotator1=bad;annotator2=bad;annotator3=bad;consensus=bad,graded,bad,false,0.003143,0.996857,0.000029,0.003113,
test_local2_87,portable,test,bad,published,0.0000,annotator1=bad;annotator2=bad;annotator3=bad;consensus=bad,graded,bad,false,0.002237,0.997763,0.000012,0.002225,
test_local2_88,portable,test,bad,published,0.0000,annotator1=bad;annotator2=bad;annotator3=bad;consensus=bad,graded,bad,false,0.002099,0.997901,0.000011,0.002088,
test_local2_89,portable,test,bad,published,0.0000,annotator1=bad;annotator2=bad;annotator3=bad;consensus=bad,graded,bad,false,0.002996,0.997004,0.000015,0.002981,
test_local2_90,portable,test,bad,published,0.0000,annotator1=bad;annotator2=bad;annotator3=bad;consensus=bad,graded,bad,false,0.003515,0.996485,0.000019,0.003497,
test_local2_91,portable,test,bad,published,0.0000,annotator1=bad;annotator2=bad;annotator3=bad;consensus=bad,graded,bad,false,0.002515,0.997485,0.000012,0.002503,
test_local2_92,portable,test,bad,published,0.0000,annotator1=bad;annotator2=bad;annotator3=bad;consensus=bad,graded,bad,false,0.003366,0.996634,0.000018,0.003348,
test_local2_93,portable,test,bad,published,0.0000,annotator1=bad;annotator2=bad;annotator3=bad;consensus=bad,graded,bad,false,0.002517,0.997483,0.000014,0.002503,
test_local2_94,portable,test,bad,published,0.0000,annotator1=bad;annotator2=bad;annotator3=bad;consensus=bad,graded,bad,false,0.004377,0.995623,0.000022,0.004356,
test_local2_95,portable,test,bad,published,0.0000,annotator1=bad;annotator2=bad;annotator3=bad;consensus=bad,graded,bad,false,0.002274,0.997726,0.000012,0.002261,
test_local2_96,portable,test,bad,published,0.0000,annotator1=bad;annotator2=bad;annotator3=bad;consensus=bad,graded,bad,false,0.004676,0.995324,0.000028,0.004647,
test_local2_97,portable,test,bad,published,0.0000,annotator1=bad;annotator2=bad;annotator3=bad;consensus=bad,graded,bad,false,0.002056,0.997944,0.000010,0.002046,
test_local2_98,portable,test,bad,published,0.0000,annotator1=bad;annotator2=bad;annotator3=bad;consensus=bad,graded,bad,false,0.002489,0.997511,0.000012,0.002477,
test_local2_99,portable,test,bad,published,0.0000,annotator1=bad;annotator2=bad;annotator3=good;consensus=bad,graded,bad,false,0.077849,0.922151,0.001186,0.076663,
train_dr_zju_1,cfp,train,good,published,0.0000,annotator1=good;annotator2=good;annotator3=good,graded,usable,true,0.964668,0.035332,0.352408,0.612260,
train_dr_zju_100,cfp,train,good,published,0.0000,annotator1=good;annotator2=good;annotator3=good,graded,usable,true,0.859522,0.140478,0.293647,0.565876,
train_dr_zju_101,cfp,train,good,published,0.0000,annotator1=good;annotator2=good;annotator3=good,graded,usable,true,0.885215,0.114785,0.270152,0.615064,
train_dr_zju_103,cfp,train,good,published,0.0000,annotator1=good;annotator2=good;annotator3=good,graded,good,true,0.992903,0.007097,0.875813,0.117090,
train_dr_zju_104,cfp,train,good,published,0.0000,annotator1=good;annotator2=good;annotator3=good,graded,good,true,0.992993,0.007007,0.889498,0.103495,
train_dr_zju_105,cfp,train,good,published,0.0000,annotator1=good;annotator2=good;annotator3=good,graded,usable,true,0.953886,0.046114,0.289187,0.664700,
train_dr_zju_106,cfp,train,good,published,0.0000,annotator1=good;annotator2=good;annotator3=good,graded,usable,true,0.822801,0.177199,0.320659,0.502142,
train_dr_zju_107,cfp,train,good,published,0.0000,annotator1=good;annotator2=good;annotator3=good,graded,good,true,0.995128,0.004871,0.912421,0.082707,
train_dr_zju_108,cfp,train,good,published,0.0000,annotator1=good;annotator2=good;annotator3=good,graded,good,true,0.957957,0.042043,0.738328,0.219628,
train_dr_zju_109,cfp,train,good,published,0.0000,annotator1=good;annotator2=good;annotator3=good,graded,usable,true,0.921112,0.078888,0.422883,0.498229,
train_dr_zju_110,cfp,train,good,published,0.0000,annotator1=good;annotator2=good;annotator3=good,graded,good,true,0.970803,0.029197,0.653007,0.317796,
train_dr_zju_111,cfp,train,good,published,0.0000,annotator1=good;annotator2=good;annotator3=good,graded,good,true,0.961226,0.038774,0.552019,0.409207,
train_dr_zju_112,cfp,train,good,published,0.0000,annotator1=good;annotator2=good;annotator3=good,graded,good,true,0.999930,0.000070,0.993214,0.006716,
train_dr_zju_113,cfp,train,bad,published,0.0000,annotator1=bad;annotator2=bad;annotator3=bad,graded,bad,false,0.017226,0.982774,0.000070,0.017157,
train_dr_zju_114,cfp,train,bad,published,0.0000,annotator1=bad;annotator2=bad;annotator3=bad,graded,bad,false,0.017484,0.982516,0.000122,0.017362,
train_dr_zju_115,cfp,train,good,published,0.0000,annotator1=good;annotator2=good;annotator3=good,graded,good,true,0.956671,0.043329,0.661646,0.295025,
train_dr_zju_116,cfp,train,good,published,0.0000,annotator1=good;annotator2=good;annotator3=good,graded,good,true,0.986625,0.013375,0.771909,0.214716,
train_dr_zju_117,cfp,train,good,published,0.0000,annotator1=good;annotator2=good;annotator3=good,graded,bad,false,0.455619,0.544381,0.030149,0.425470,
train_dr_zju_118,cfp,train,good,published,0.0000,annotator1=good;annotator2=good;annotator3=good,graded,bad,false,0.384128,0.615872,0.024974,0.359154,
train_dr_zju_119,cfp,train,good,published,0.0000,annotator1=good;annotator2=good;annotator3=good,graded,good,true,0.999286,0.000714,0.964019,0.035267,
train_dr_zju_12,cfp,train,good,published,0.0000,annotator1=good;annotator2=good;annotator3=good,graded,usable,false,0.688785,0.311215,0.163829,0.524956,
train_dr_zju_120,cfp,train,good,published,0.0000,annotator1=good;annotator2=good;annotator3=good,graded,good,true,0.963103,0.036897,0.616250,0.346853,
train_dr_zju_121,cfp,train,good,published,0.0000,annotator1=good;annotator2=good;annotator3=good,graded,good,true,0.999434,0.000566,0.985128,0.014306,
train_dr_zju_122,cfp,train,good,published,0.0000,annotator1=good;annotator2=good;annotator3=good,graded,good,true,0.998919,0.001081,0.971939,0.026980,
train_dr_zju_123,cfp,train,good,published,0.0000,annotator1=good;annotator2=good;annotator3=good,graded,good,true,0.997253,0.002747,0.904932,0.092320,
train_dr_zju_124,cfp,train,good,published,0.0000,annotator1=good;annotator2=good;annotator3=good,graded,good,true,0.997507,0.002493,0.910793,0.086714,
train_dr_zju_125,cfp,train,good,published,0.0000,annotator1=good;annotator2=good;annotator3=good,graded,good,true,0.984476,0.015524,0.822151,0.162324,
train_dr_zju_126,cfp,train,good,published,0.0000,annotator1=good;annotator2=good;annotator3=good,graded,good,true,0.993231,0.006769,0.887303,0.105928,
train_dr_zju_127,cfp,train,good,published,0.0000,annotator1=good;annotator2=good;annotator3=good,graded,usable,true,0.916775,0.083225,0.253105,0.663670,
train_dr_zju_128,cfp,train,good,published,0.0000,annotator1=good;annotator2=good;annotator3=good,graded,good,true,0.918402,0.081598,0.539937,0.378465,
train_dr_zju_129,cfp,train,good,published,0.0000,annotator1=good;annotator2=good;annotator3=good,graded,good,true,0.973954,0.026046,0.669412,0.304542,
train_dr_zju_13,cfp,train,good,published,0.0000,annotator1=good;annotator2=good;annotator3=good,graded,usable,false,0.742120,0.257880,0.097569,0.644551,
train_dr_zju_130,cfp,train,good,published,0.0000,annotator1=good;annotator2=good;annotator3=good,graded,good,true,0.971929,0.028071,0.768602,0.203328,
train_dr_zju_131,cfp,train,good,published,0.0000,annotator1=good;annotator2=good;annotator3=good,graded,good,true,0.998100,0.001900,0.899524,0.098576,
train_dr_zju_132,cfp,train,bad,published,0.0000,annotator1=bad;annotator2=bad;annotator3=bad,graded,bad,false,0.055794,0.944206,0.000934,0.054860,
train_dr_zju_133,cfp,train,good,published,0.0000,annotator1=good;annotator2=good;annotator3=good,graded,bad,false,0.481627,0.518373,0.059717,0.421910,
train_dr_zju_134,cfp,train,good,published,0.0000,annotator1=good;annotator2=good;annotator3=good,graded,usable,true,0.970678,0.029322,0.460983,0.509695,
train_dr_zju_136,cfp,train,good,published,0.0000,annotator1=good;annotator2=good;annotator3=good,graded,good,true,0.993162,0.006838,0.803403,0.189758,
train_dr_zju_138,cfp,train,bad,published,0.0000,annotator1=bad;annotator2=bad;annotator3=bad,graded,bad,false,0.059110,0.940890,0.001035,0.058075,
train_dr_zju_139,cfp,train,good,published,0.0000,annotator1=good;annotator2=good;annotator3=good,graded,good,true,0.995953,0.004047,0.762062,0.233891,
train_dr_zju_14,cfp,train,bad,published,0.0000,annotator1=bad;annotator2=bad;annotator3=bad,graded,bad,false,0.006356,0.993644,0.000051,0.006305,
train_dr_zju_140,cfp,train,good,published,0.0000,annotator1=good;annotator2=good;annotator3=good,graded,usable,true,0.949877,0.050123,0.201153,0.748724,
train_dr_zju_141,cfp,train,good,published,0.0000,annotator1=good;annotator2=good;annotator3=good,graded,good,true,0.995115,0.004885,0.857050,0.138065,
train_dr_zju_142,cfp,train,good,published,0.0000,annotator1=good;annotator2=good;annotator3=good,graded,good,true,0.993573,0.006427,0.891622,0.101951,
train_dr_zju_143,cfp,train,good,published,0.0000,annotator1=good;annotator2=good;annotator3=good,graded,good,true,0.999825,0.000175,0.989395,0.010431,
train_dr_zju_144,cfp,train,good,published,0.0000,annotator1=good;annotator2=good;annotator3=good,graded,good,true,0.992524,0.007476,0.853684,0.138840,
train_dr_zju_145,cfp,train,good,published,0.0000,annotator1=good;annotator2=good;annotator3=good,graded,good,true,0.982978,0.017022,0.566636,0.416341,
train_dr_zju_146,cfp,train,good,published,0.0000,annotator1=good;annotator2=good;annotator3=good,graded,usable,true,0.849131,0.150868,0.180093,0.669039,
train_dr_zju_147,cfp,train,bad,published,0.0000,annotator1=bad;annotator2=bad;annotator3=bad,graded,bad,false,0.018230,0.981770,0.000157,0.018073,
train_dr_zju_148,cfp,train,good,published,0.0000,annotator1=good;annotator2=good;annotator3=good,graded,good,true,0.999627,0.000373,0.979964,0.019663,
train_dr_zju_149,cfp,train,good,published,0.0000,annotator1=good;annotator2=good;annotator3=good,graded,good,true,0.998577,0.001423,0.953292,0.045285,
train_dr_zju_15,cfp,train,bad,published,0.0000,annotator1=bad;annotator2=bad;annotator3=bad,graded,bad,false,0.052327,0.947673,0.001106,0.051221,
train_dr_zju_150,cfp,train,good,published,0.0000,annotator1=good;annotator2=good;annotator3=good,graded,good,true,0.999761,0.000239,0.987363,0.012399,
train_dr_zju_16,cfp,train,good,published,0.0000,annotator1=good;annotator2=good;annotator3=good,graded,good,true,0.999283,0.000717,0.969732,0.029550,
train_dr_zju_17,cfp,train,good,published,0.0000,annotator1=good;annotator2=good;annotator3=good,graded,good,true,0.994573,0.005427,0.715763,0.278810,
train_dr_zju_18,cfp,train,good,published,0.0000,annotator1=good;annotator2=good;annotator3=good,graded,usable,true,0.830538,0.169462,0.147465,0.683073,
train_dr_zju_19,cfp,train,good,published,0.0000,annotator1=good;annotator2=good;annotator3=good,graded,usable,true,0.802736,0.197264,0.149205,0.653531,
train_dr_zju_2,cfp,train,good,published,0.0000,annotator1=good;annotator2=good;annotator3=good,graded,good,true,0.988861,0.011139,0.520018,0.468843,
train_dr_zju_20,cfp,train,good,published,0.0000,annotator1=good;annotator2=good;annotator3=good,graded,usable,true,0.973752,0.026248,0.417738,0.556014,
train_dr_zju_21,cfp,train,good,published,0.0000,annotator1=good;annotator2=good;annotator3=good,graded,good,true,0.999625,0.000375,0.971965,0.027661,
train_dr_zju_22,cfp,train,good,published,0.0000,annotator1=good;annotator2=good;annotator3=good,graded,good,true,0.999417,0.000583,0.961255,0.038162,
train_dr_zju_23,cfp,train,good,published,0.0000,annotator1=good;annotator2=good;annotator3=good,graded,good,true,0.981186,0.018814,0.706683,0.274502,
train_dr_zju_24,cfp,train,bad,published,0.0000,annotator1=bad;annotator2=bad;annotator3=bad,graded,bad,false,0.049651,0.950349,0.000569,0.049082,
train_dr_zju_25,cfp,train,good,published,0.0000,annotator1=good;annotator2=good;annotator3=good,graded,good,true,0.992092,0.007908,0.660350,0.331742,
train_dr_zju_26,cfp,train,good,published,0.0000,annotator1=good;annotator2=good;annotator3=good,graded,usable,false,0.672886,0.327114,0.114903,0.557982,
train_dr_zju_27,cfp,train,bad,published,0.0000,annotator1=bad;annotator2=bad;annotator3=bad,graded,bad,false,0.027129,0.972872,0.000493,0.026635,
train_dr_zju_28,cfp,train,good,published,0.0000,annotator1=good;annotator2=good;annotator3=good,graded,usable,true,0.804124,0.195876,0.102685,0.701439,
train_dr_zju_29,cfp,train,good,published,0.0000,annotator1=good;annotator2=good;annotator3=good,graded,usable,false,0.604335,0.395665,0.094188,0.510147,
train_dr_zju_3,cfp,train,bad,published,0.0000,annotator1=bad;annotator2=bad;annotator3=bad,graded,bad,false,0.311310,0.688690,0.013051,0.298259,
train_dr_zju_30,cfp,train,good,published,0.0000,annotator1=good;annotator2=good;annotator3=good,graded,good,true,0.995301,0.004699,0.748065,0.247235,
train_dr_zju_31,cfp,train,good,published,0.0000,annotator1=good;annotator2=good;annotator3=good,graded,usable,true,0.752203,0.247797,0.062094,0.690109,
train_dr_zju_32,cfp,train,good,published,0.0000,annotator1=good;annotator2=good;annotator3=good,graded,usable,true,0.775537,0.224463,0.171326,0.604211,
train_dr_zju_33,cfp,train,bad,published,0.0000,annotator1=bad;annotator2=bad;annotator3=bad,graded,bad,false,0.245421,0.754579,0.011294,0.234127,
train_dr_zju_34,cfp,train,good,published,0.0000,annotator1=good;annotator2=good;annotator3=good,graded,usable,false,0.746998,0.253002,0.115101,0.631896,
train_dr_zju_35,cfp,train,good,published,0.0000,annotator1=good;annotator2=good;annotator3=good,graded,usable,false,0.647967,0.352033,0.041516,0.606451,
train_dr_zju_36,cfp,train,good,published,0.0000,annotator1=good;annotator2=good;annotator3=good,graded,bad,false,0.252206,0.747794,0.013615,0.238591,
train_dr_zju_38,cfp,train,good,published,0.0000,annotator1=good;annotator2=good;annotator3=good,graded,good,true,0.994678,0.005322,0.894113,0.100564,
train_dr_zju_39,cfp,train,good,published,0.0000,annotator1=good;annotator2=good;annotator3=good,graded,good,true,0.992982,0.007018,0.872984,0.119998,
train_dr_zju_4,cfp,train,good,published,0.0000,annotator1=good;annotator2=good;annotator3=good,graded,good,true,0.998652,0.001347,0.972378,0.026275,
train_dr_zju_40,cfp,train,good,published,0.0000,annotator1=good;annotator2=good;annotator3=good,graded,good,true,0.996454,0.003546,0.925424,0.071030,
train_dr_zju_41,cfp,train,good,published,0.0000,annotator1=good;annotator2=good;annotator3=good,graded,good,true,0.997045,0.002954,0.915047,0.081998,
train_dr_zju_42,cfp,train,good,published,0.0000,annotator1=good;annotator2=good;annotator3=good,graded,good,true,0.978736,0.021264,0.806011,0.172725,
train_dr_zju_43,cfp,train,good,published,0.0000,annotator1=good;annotator2=good;annotator3=good,graded,good,true,0.995287,0.004713,0.884204,0.111083,
train_dr_zju_44,cfp,train,bad,published,0.0000,annotator1=bad;annotator2=bad;annotator3=bad,graded,bad,false,0.025802,0.974198,0.000215,0.025587,
train_dr_zju_45,cfp,train,good,published,0.0000,annotator1=good;annotator2=good;annotator3=good,graded,good,true,0.979426,0.020574,0.895453,0.083973,
train_dr_zju_46,cfp,train,good,published,0.0000,annotator1=good;annotator2=good;annotator3=good,graded,good,true,0.999380,0.000620,0.973127,0.026253,
train_dr_zju_48,cfp,train,good,published,0.0000,annotator1=good;annotator2=good;annotator3=good,graded,usable,true,0.919638,0.080362,0.269201,0.650437,
train_dr_zju_49,cfp,train,good,published,0.0000,annotator1=good;annotator2=good;annotator3=good,graded,usable,true,0.972812,0.027188,0.381200,0.591612,
train_dr_zju_5,cfp,train,bad,published,0.0000,annotator1=bad;annotator2=bad;annotator3=bad,graded,bad,false,0.085408,0.914592,0.002110,0.083298,
train_dr_zju_50,cfp,train,good,published,0.0000,annotator1=good;annotator2=good;annotator3=good,graded,usable,true,0.974206,0.025794,0.476061,0.498145,
train_dr_zju_51,cfp,train,bad,published,0.0000,annotator1=bad;annotator2=bad;annotator3=bad,graded,bad,false,0.303261,0.696739,0.026101,0.277160,
train_dr_zju_52,cfp,train,good,published,0.0000,annotator1=good;annotator2=good;annotator3=good,graded,usable,false,0.700786,0.299215,0.233226,0.467559,
train_dr_zju_53,cfp,train,bad,published,0.0000,annotator1=bad;annotator2=bad;annotator3=bad,graded,bad,false,0.054694,0.945306,0.000540,0.054154,
train_dr_zju_54,cfp,train,good,published,0.0000,annotator1=good;annotator2=good;annotator3=good,graded,usable,true,0.864142,0.135858,0.147367,0.716775,
train_dr_zju_56,cfp,train,bad,published,0.0000,annotator1=bad;annotator2=bad;annotator3=bad,graded,bad,false,0.006446,0.993554,0.000039,0.006407,
train_dr_zju_58,cfp,train,good,published,0.0000,annotator1=good;annotator2=good;annotator3=good,graded,bad,false,0.263033,0.736967,0.035337,0.227696,
train_dr_zju_59,cfp,train,good,published,0.0000,annotator1=good;annotator2=good;annotator3=good,graded,usable,false,0.622616,0.377384,0.078568,0.544048,
train_dr_zju_6,cfp,train,good,published,0.0000,annotator1=good;annotator2=good;annotator3=good,graded,good,true,0.986980,0.013020,0.837414,0.149566,
train_dr_zju_60,cfp,train,good,published,0.0000,annotator1=good;annotator2=good;annotator3=good,graded,good,true,0.944089,0.055911,0.682451,0.261638,
train_dr_zju_61,cfp,train,good,published,0.0000,annotator1=good;annotator2=good;annotator3=good,graded,good,true,0.891812,0.108188,0.523909,0.367903,
train_dr_zju_62,cfp,train,good,published,0.0000,annotator1=good;annotator2=good;annotator3=good,graded,usable,true,0.977050,0.022950,0.412202,0.564847,
train_dr_zju_63,cfp,train,good,published,0.0000,annotator1=good;annotator2=good;annotator3=good,graded,usable,true,0.872683,0.127317,0.180502,0.692181,
train_dr_zju_64,cfp,train,bad,published,0.0000,annotator1=bad;annotator2=bad;annotator3=bad,graded,bad,false,0.237148,0.762852,0.008528,0.228620,
train_dr_zju_65,cfp,train,good,published,0.0000,annotator1=good;annotator2=good;annotator3=good,graded,usable,false,0.681335,0.318665,0.099073,0.582262,
train_dr_zju_66,cfp,train,good,published,0.0000,annotator1=good;annotator2=good;annotator3=good,graded,good,true,0.994355,0.005645,0.838165,0.156190,
train_dr_zju_67,cfp,train,good,published,0.0000,annotator1=good;annotator2=good;annotator3=good,graded,good,true,0.994261,0.005739,0.721607,0.272654,
train_dr_zju_68,cfp,train,good,published,0.0000,annotator1=good;annotator2=good;annotator3=good,graded,good,true,0.993379,0.006620,0.866828,0.126551,
train_dr_zju_69,cfp,train,bad,published,0.0000,annotator1=bad;annotator2=bad;annotator3=bad,graded,bad,false,0.230694,0.769306,0.009707,0.220987,
train_dr_zju_7,cfp,train,good,published,0.0000,annotator1=good;annotator2=good;annotator3=good,graded,usable,false,0.614058,0.385942,0.068624,0.545433,
train_dr_zju_71,cfp,train,good,published,0.0000,annotator1=good;annotator2=good;annotator3=good,graded,good,true,0.998215,0.001785,0.890562,0.107654,
train_dr_zju_72,cfp,train,good,published,0.0000,annotator1=good;annotator2=good;annotator3=good,graded,good,true,0.923524,0.076476,0.525353,0.398171,
train_dr_zju_73,cfp,train,good,published,0.0000,annotator1=good;annotator2=good;annotator3=good,graded,usable,true,0.889455,0.110545,0.065360,0.824095,
train_dr_zju_74,cfp,train,good,published,0.0000,annotator1=good;annotator2=good;annotator3=good,graded,good,true,0.963795,0.036205,0.574988,0.388808,
train_dr_zju_75,cfp,train,good,published,0.0000,annotator1=good;annotator2=good;annotator3=good,graded,good,true,0.995712,0.004288,0.839833,0.155879,
train_dr_zju_76,cfp,train,bad,published,0.0000,annotator1=bad;annotator2=bad;annotator3=bad,graded,bad,false,0.139577,0.860423,0.007731,0.131846,
train_dr_zju_77,cfp,train,good,published,0.0000,annotator1=good;annotator2=good;annotator3=good,graded,bad,false,0.515499,0.484501,0.053764,0.461736,
train_dr_zju_78,cfp,train,good,published,0.0000,annotator1=good;annotator2=good;annotator3=good,graded,usable,true,0.878897,0.121103,0.343156,0.535741,
train_dr_zju_8,cfp,train,good,published,0.0000,annotator1=good;annotator2=good;annotator3=good,graded,good,true,0.997180,0.002820,0.826373,0.170806,
train_dr_zju_80,cfp,train,good,published,0.0000,annotator1=good;annotator2=good;annotator3=good,graded,good,true,0.995274,0.004726,0.757077,0.238197,
train_dr_zju_81,cfp,train,good,published,0.0000,annotator1=good;annotator2=good;annotator3=good,graded,good,true,0.997585,0.002415,0.923225,0.074360,
train_dr_zju_83,cfp,train,bad,published,0.0000,annotator1=bad;annotator2=bad;annotator3=bad,graded,bad,false,0.289509,0.710491,0.016211,0.273299,
train_dr_zju_84,cfp,train,bad,published,0.0000,annotator1=bad;annotator2=bad;annotator3=bad,graded,bad,false,0.274222,0.725777,0.006709,0.267513,
train_dr_zju_85,cfp,train,bad,published,0.0000,annotator1=bad;annotator2=bad;annotator3=bad,graded,bad,false,0.027646,0.972354,0.000184,0.027462,
train_dr_zju_86,cfp,train,bad,published,0.0000,annotator1=bad;annotator2=bad;annotator3=bad,graded,bad,false,0.023843,0.976157,0.000218,0.023625,
train_dr_zju_87,cfp,train,bad,published,0.0000,annotator1=bad;annotator2=bad;annotator3=bad,graded,bad,false,0.007570,0.992430,0.000087,0.007483,
train_dr_zju_88,cfp,train,good,published,0.0000,annotator1=good;annotator2=good;annotator3=good,graded,good,true,0.996596,0.003404,0.901536,0.095060,
train_dr_zju_90,cfp,train,good,published,0.0000,annotator1=good;annotator2=good;annotator3=good,graded,good,true,0.997548,0.002452,0.920883,0.076664,
train_dr_zju_91,cfp,train,good,published,0.0000,annotator1=good;annotator2=good;annotator3=good,graded,good,true,0.995121,0.004879,0.785114,0.210007,
train_dr_zju_92,cfp,train,good,published,0.0000,annotator1=good;annotator2=good;annotator3=good,graded,good,true,0.997956,0.002044,0.887807,0.110149,
train_dr_zju_93,cfp,train,good,published,0.0000,annotator1=good;annotator2=good;annotator3=good,graded,good,true,0.999111,0.000889,0.940934,0.058176,
train_dr_zju_94,cfp,train,good,published,0.0000,annotator1=good;annotator2=good;annotator3=good,graded,good,true,0.994536,0.005464,0.809898,0.184638,
train_dr_zju_95,cfp,train,good,published,0.0000,annotator1=good;annotator2=good;annotator3=good,graded,good,true,0.980031,0.019969,0.751168,0.228863,
train_dr_zju_96,cfp,train,good,published,0.0000,annotator1=good;annotator2=good;annotator3=good,graded,good,true,0.990482,0.009518,0.804614,0.185869,
train_dr_zju_97,cfp,train,good,published,0.0000,annotator1=good;annotator2=good;annotator3=good,graded,good,true,0.990851,0.009149,0.676983,0.313868,
train_dr_zju_98,cfp,train,good,published,0.0000,annotator1=good;annotator2=good;annotator3=good,graded,usable,false,0.740233,0.259767,0.114842,0.625392,
train_dr_zju_99,cfp,train,good,published,0.0000,annotator1=good;annotator2=good;annotator3=good,graded,good,true,0.996318,0.003682,0.836255,0.160062,
train_glaucoma_1,cfp,train,bad,published,0.0000,annotator1=bad;annotator2=bad;annotator3=bad;consensus=bad,graded,bad,false,0.015798,0.984202,0.000180,0.015618,
train_glaucoma_10,cfp,train,good,published,0.0046,annotator1=bad;annotator2=good;annotator3=good;consensus=good,graded,bad,false,0.374634,0.625366,0.027566,0.347068,
train_glaucoma_11,cfp,train,bad,published,0.0000,annotator1=bad;annotator2=bad;annotator3=bad;consensus=bad,graded,bad,false,0.004129,0.995871,0.000021,0.004108,
train_glaucoma_12,cfp,train,bad,published,0.0748,annotator1=bad;annotator2=bad;annotator3=bad;consensus=bad,graded,bad,false,0.003359,0.996641,0.000017,0.003342,
train_glaucoma_13,cfp,train,bad,published,0.0072,annotator1=bad;annotator2=bad;annotator3=bad;consensus=bad,graded,bad,false,0.185203,0.814797,0.002244,0.182959,
train_glaucoma_14,cfp,train,bad,published,0.0091,annotator1=bad;annotator2=bad;annotator3=bad;consensus=bad,graded,bad,false,0.002372,0.997628,0.000013,0.002359,
train_glaucoma_15,cfp,train,bad,published,0.0046,annotator1=bad;annotator2=bad;annotator3=bad;consensus=bad,graded,bad,false,0.108271,0.891729,0.001542,0.106729,
train_glaucoma_16,cfp,train,bad,published,0.0052,annotator1=bad;annotator2=bad;annotator3=bad;consensus=bad,graded,bad,false,0.005063,0.994937,0.000031,0.005033,
train_glaucoma_17,cfp,train,bad,published,0.0000,annotator1=bad;annotator2=bad;annotator3=bad;consensus=bad,graded,bad,false,0.002903,0.997097,0.000014,0.002889,
train_glaucoma_18,cfp,train,bad,published,0.0000,annotator1=bad;annotator2=bad;annotator3=bad;consensus=bad,graded,bad,false,0.004061,0.995939,0.000020,0.004041,
train_glaucoma_19,cfp,train,bad,published,0.0788,annotator1=bad;annotator2=bad;annotator3=bad;consensus=bad,graded,bad,false,0.002047,0.997953,0.000010,0.002037,
train_glaucoma_2,cfp,train,bad,published,0.0078,annotator1=bad;annotator2=bad;annotator3=bad;consensus=bad,graded,bad,false,0.003025,0.996975,0.000014,0.003011,
train_glaucoma_20,cfp,train,bad,published,0.1343,annotator1=bad;annotator2=bad;annotator3=bad;consensus=bad,graded,bad,false,0.002555,0.997445,0.000013,0.002542,
train_glaucoma_21,cfp,train,bad,published,0.0097,annotator1=bad;annotator2=bad;annotator3=bad;consensus=bad,graded,bad,false,0.002298,0.997702,0.000011,0.002286,
train_glaucoma_22,cfp,train,bad,published,0.0059,annotator1=bad;annotator2=bad;annotator3=bad;consensus=bad,graded,bad,false,0.005062,0.994938,0.000032,0.005030,
train_glaucoma_23,cfp,train,bad,published,0.0000,annotator1=bad;annotator2=bad;annotator3=bad;consensus=bad,graded,bad,false,0.004190,0.995810,0.000020,0.004169,
train_glaucoma_24,cfp,train,bad,published,0.0072,annotator1=bad;annotator2=bad;annotator3=bad;consensus=bad,graded,bad,false,0.003596,0.996404,0.000024,0.003572,
train_glaucoma_25,cfp,train,bad,published,0.0065,annotator1=bad;annotator2=bad;annotator3=bad;consensus=bad,graded,bad,false,0.061088,0.938912,0.000863,0.060225,
train_glaucoma_26,cfp,train,bad,published,0.0059,annotator1=bad;annotator2=bad;annotator3=bad;consensus=bad,graded,bad,false,0.316872,0.683128,0.008469,0.308402,
train_glaucoma_27,cfp,train,bad,published,0.0039,annotator1=bad;annotator2=bad;annotator3=bad;consensus=bad,graded,bad,false,0.003826,0.996174,0.000025,0.003801,
train_glaucoma_28,cfp,train,bad,published,0.0066,annotator1=bad;annotator2=bad;annotator3=bad;consensus=bad,graded,bad,false,0.002400,0.997600,0.000013,0.002387,
train_glaucoma_29,cfp,train,bad,published,0.0085,annotator1=bad;annotator2=bad;annotator3=bad;consensus=bad,graded,bad,false,0.003639,0.996361,0.000020,0.003619,
train_glaucoma_3,cfp,train,bad,published,0.0125,annotator1=bad;annotator2=bad;annotator3=bad;consensus=bad,graded,bad,false,0.002048,0.997952,0.000011,0.002037,
train_glaucoma_30,cfp,train,bad,published,0.0046,annotator1=bad;annotator2=bad;annotator3=bad;consensus=bad,graded,bad,false,0.049021,0.950979,0.000171,0.048849,
train_glaucoma_31,cfp,train,bad,published,0.0026,annotator1=bad;annotator2=bad;annotator3=bad;consensus=bad,graded,bad,false,0.006376,0.993624,0.000037,0.006339,
train_glaucoma_32,cfp,train,bad,published,0.0000,annotator1=bad;annotator2=bad;annotator3=bad;consensus=bad,graded,bad,false,0.003703,0.996297,0.000020,0.003683,
train_glaucoma_33,cfp,train,bad,published,0.0013,annotator1=bad;annotator2=bad;annotator3=bad;consensus=bad,graded,bad,false,0.003160,0.996840,0.000016,0.003144,
train_glaucoma_34,cfp,train,bad,published,0.0000,annotator1=bad;annotator2=bad;annotator3=bad;consensus=bad,graded,bad,false,0.001968,0.998032,0.000009,0.001959,
train_glaucoma_35,cfp,train,bad,published,0.0013,annotator1=bad;annotator2=bad;annotator3=bad;consensus=bad,graded,bad,false,0.010746,0.989254,0.000062,0.010684,
train_glaucoma_36,cfp,train,bad,published,0.0013,annotator1=bad;annotator2=bad;annotator3=bad;consensus=bad,graded,bad,false,0.006133,0.993867,0.000035,0.006099,
train_glaucoma_37,cfp,train,bad,published,0.0020,annotator1=bad;annotator2=bad;annotator3=bad;consensus=bad,graded,bad,false,0.213095,0.786905,0.005692,0.207403,
train_glaucoma_38,cfp,train,bad,published,0.0000,annotator1=bad;annotator2=bad;annotator3=bad;consensus=bad,graded,bad,false,0.002844,0.997156,0.000013,0.002830,
train_glaucoma_4,cfp,train,bad,published,0.0052,annotator1=bad;annotator2=bad;annotator3=bad;consensus=bad,graded,bad,false,0.003166,0.996834,0.000017,0.003149,
train_glaucoma_40,cfp,train,bad,published,0.0064,annotator1=bad;annotator2=bad;annotator3=bad;consensus=bad,graded,bad,false,0.003959,0.996041,0.000019,0.003940,
train_glaucoma_41,cfp,train,bad,published,0.0039,annotator1=bad;annotator2=bad;annotator3=bad;consensus=bad,graded,bad,false,0.029053,0.970947,0.000358,0.028695,
train_glaucoma_5,cfp,train,bad,published,0.0059,annotator1=bad;annotator2=bad;annotator3=bad;consensus=bad,graded,bad,false,0.057034,0.942966,0.002173,0.054861,
train_glaucoma_6,cfp,train,bad,published,0.0046,annotator1=bad;annotator2=bad;annotator3=bad;consensus=bad,graded,bad,false,0.005113,0.994887,0.000042,0.005071,
train_glaucoma_7,cfp,train,bad,published,0.0059,annotator1=bad;annotator2=bad;annotator3=bad;consensus=bad,graded,bad,false,0.003285,0.996715,0.000017,0.003268,
train_glaucoma_8,cfp,train,bad,published,0.0000,annotator1=bad;annotator2=bad;annotator3=bad;consensus=bad,graded,bad,false,0.007493,0.992507,0.000029,0.007464,
train_glaucoma_9,cfp,train,good,published,0.0046,annotator1=bad;annotator2=bad;annotator3=good;consensus=good,graded,bad,false,0.206874,0.793126,0.039318,0.167556,
train_healthy_1,cfp,train,good,published,0.0013,annotator1=good;annotator2=good;annotator3=good;consensus=good,graded,good,true,0.994200,0.005800,0.861498,0.132702,
train_healthy_10,cfp,train,good,published,0.0007,annotator1=good;annotator2=good;annotator3=good;consensus=good,graded,good,true,0.995109,0.004891,0.915918,0.079191,
train_healthy_11,cfp,train,good,published,0.0000,annotator1=good;annotator2=good;annotator3=good;consensus=good,graded,good,true,0.997978,0.002022,0.943523,0.054455,
train_healthy_12,cfp,train,good,published,0.0000,annotator1=good;annotator2=good;annotator3=good;consensus=good,graded,good,true,0.755281,0.244719,0.409052,0.346230,
train_healthy_13,cfp,train,good,published,0.0000,annotator1=good;annotator2=good;annotator3=good;consensus=good,graded,good,true,0.885047,0.114953,0.530252,0.354795,
train_healthy_14,cfp,train,good,published,0.0000,annotator1=good;annotator2=good;annotator3=good;consensus=good,graded,good,true,0.992120,0.007880,0.906358,0.085762,
train_healthy_15,cfp,train,good,published,0.0000,annotator1=good;annotator2=good;annotator3=good;consensus=good,graded,good,true,0.990017,0.009983,0.829024,0.160993,
train_healthy_16,cfp,train,good,published,0.0000,annotator1=good;annotator2=good;annotator3=good;consensus=good,graded,good,true,0.985031,0.014968,0.848480,0.136551,
train_healthy_17,cfp,train,good,published,0.0000,annotator1=good;annotator2=good;annotator3=good;consensus=good,graded,good,true,0.998519,0.001481,0.967572,0.030947,
train_healthy_18,cfp,train,good,published,0.0000,annotator1=good;annotator2=good;annotator3=good;consensus=good,graded,good,true,0.992945,0.007055,0.859313,0.133632,
train_healthy_19,cfp,train,good,published,0.0000,annotator1=good;annotator2=good;annotator3=good;consensus=good,graded,good,true,0.996667,0.003333,0.873334,0.123333,
train_healthy_2,cfp,train,good,published,0.0013,annotator1=good;annotator2=good;annotator3=good;consensus=good,graded,good,true,0.993363,0.006637,0.747046,0.246317,
train_healthy_20,cfp,train,good,published,0.0072,annotator1=good;annotator2=good;annotator3=good;consensus=good,graded,good,true,0.966642,0.033358,0.537075,0.429566,
train_healthy_21,cfp,train,good,published,0.0072,annotator1=good;annotator2=good;annotator3=good;consensus=good,graded,good,true,0.999773,0.000227,0.993096,0.006677,
train_healthy_3,cfp,train,good,published,0.0000,annotator1=good;annotator2=good;annotator3=good;consensus=good,graded,good,true,0.995641,0.004359,0.870572,0.125069,
train_healthy_4,cfp,train,good,published,0.0000,annotator1=good;annotator2=good;annotator3=good;consensus=good,graded,good,true,0.995749,0.004251,0.826543,0.169206,
train_healthy_5,cfp,train,good,published,0.0000,annotator1=good;annotator2=good;annotator3=good;consensus=good,graded,good,true,0.966446,0.033554,0.502043,0.464404,
train_healthy_6,cfp,train,good,published,0.0000,annotator1=good;annotator2=good;annotator3=good;consensus=good,graded,usable,true,0.898377,0.101623,0.247068,0.651309,
train_healthy_7,cfp,train,good,published,0.0000,annotator1=good;annotator2=good;annotator3=good;consensus=good,graded,good,true,0.991352,0.008648,0.700663,0.290689,
train_healthy_8,cfp,train,good,published,0.0000,annotator1=good;annotator2=good;annotator3=good;consensus=good,graded,bad,false,0.499623,0.500377,0.041780,0.457843,
train_healthy_9,cfp,train,good,published,0.0000,annotator1=good;annotator2=good;annotator3=good;consensus=good,graded,usable,false,0.650220,0.349780,0.080673,0.569547,
train_local1_1,portable,train,good,published,0.0000,annotator1=good;annotator2=good;annotator3=good;consensus=good,graded,good,true,0.986985,0.013015,0.814196,0.172789,
train_local1_10,portable,train,good,published,0.0000,annotator1=good;annotator2=good;annotator3=good;consensus=good,graded,good,true,0.966376,0.033624,0.617063,0.349313,
train_local1_100,portable,train,bad,published,0.0000,annotator1=bad;annotator2=bad;annotator3=bad;consensus=bad,graded,bad,false,0.020665,0.979335,0.000102,0.020563,
train_local1_101,portable,train,bad,published,0.0000,annotator1=bad;annotator2=bad;annotator3=bad;consensus=bad,graded,bad,false,0.002372,0.997628,0.000014,0.002358,
train_local1_102,portable,train,bad,published,0.0000,annotator1=bad;annotator2=bad;annotator3=bad;consensus=bad,graded,bad,false,0.002493,0.997507,0.000014,0.002479,
train_local1_103,portable,train,bad,published,0.0000,annotator1=bad;annotator2=bad;annotator3=bad;consensus=bad,graded,bad,false,0.047457,0.952543,0.001149,0.046308,
train_local1_104,portable,train,bad,published,0.0000,annotator1=bad;annotator2=bad;annotator3=bad;consensus=bad,graded,bad,false,0.003177,0.996823,0.000016,0.003160,
train_local1_105,portable,train,bad,published,0.0000,annotator1=bad;annotator2=bad;annotator3=bad;consensus=bad,graded,bad,false,0.014686,0.985314,0.000132,0.014553,
train_local1_106,portable,train,bad,published,0.0000,annotator1=bad;annotator2=bad;annotator3=bad;consensus=bad,graded,bad,false,0.005672,0.994328,0.000034,0.005638,
train_local1_107,portable,train,bad,published,0.0000,annotator1=bad;annotator2=bad;annotator3=bad;consensus=bad,graded,bad,false,0.002074,0.997926,0.000010,0.002063,
train_local1_108,portable,train,bad,published,0.0000,annotator1=bad;annotator2=bad;annotator3=bad;consensus=bad,graded,bad,false,0.022110,0.977890,0.000180,0.021930,
train_local1_109,portable,train,bad,published,0.0000,annotator1=bad;annotator2=bad;annotator3=bad;consensus=bad,graded,bad,false,0.002481,0.997519,0.000013,0.002468,
train_local1_11,portable,train,good,published,0.0000,annotator1=good;annotator2=bad;annotator3=good;consensus=good,graded,usable,true,0.807998,0.192002,0.200357,0.607641,
train_local1_111,portable,train,bad,published,0.0000,annotator1=bad;annotator2=bad;annotator3=bad;consensus=bad,graded,bad,false,0.003317,0.996683,0.000034,0.003284,
train_local1_112,portable,train,bad,published,0.0000,annotator1=bad;annotator2=bad;annotator3=bad;consensus=bad,graded,bad,false,0.001938,0.998062,0.000010,0.001928,
train_local1_113,portable,train,bad,published,0.2500,annotator1=bad;annotator2=bad;annotator3=bad;consensus=bad,graded,bad,false,0.001997,0.998003,0.000010,0.001987,
train_local1_114,portable,train,bad,published,0.0000,annotator1=bad;annotator2=bad;annotator3=bad;consensus=bad,graded,bad,false,0.002549,0.997451,0.000013,0.002536,
train_local1_115,portable,train,bad,published,0.0000,annotator1=bad;annotator2=bad;annotator3=bad;consensus=bad,graded,bad,false,0.010886,0.989114,0.000065,0.010821,
train_local1_116,portable,train,bad,published,0.0000,annotator1=bad;annotator2=bad;annotator3=bad;consensus=bad,graded,usable,false,0.555678,0.444322,0.037504,0.518173,
train_local1_117,portable,train,bad,published,0.0000,annotator1=bad;annotator2=bad;annotator3=bad;consensus=bad,graded,bad,false,0.044375,0.955625,0.000490,0.043885,
train_local1_118,portable,train,bad,published,0.0000,annotator1=bad;annotator2=bad;annotator3=bad;consensus=bad,graded,bad,false,0.002277,0.997723,0.000014,0.002263,
train_local1_119,portable,train,bad,published,0.0000,annotator1=bad;annotator2=bad;annotator3=bad;consensus=bad,graded,bad,false,0.002323,0.997677,0.000015,0.002308,
train_local1_12,portable,train,good,published,0.0000,annotator1=good;annotator2=good;annotator3=good;consensus=good,graded,usable,true,0.964544,0.035456,0.474221,0.490323,
train_local1_120,portable,train,bad,published,0.0000,annotator1=bad;annotator2=bad;annotator3=bad;consensus=bad,graded,bad,false,0.012824,0.987176,0.000238,0.012587,
train_local1_121,portable,train,bad,published,0.0000,annotator1=bad;annotator2=bad;annotator3=bad;consensus=bad,graded,bad,false,0.008511,0.991489,0.000066,0.008444,
train_local1_122,portable,train,bad,published,0.0000,annotator1=bad;annotator2=bad;annotator3=bad;consensus=bad,graded,bad,false,0.003236,0.996764,0.000040,0.003196,
train_local1_123,portable,train,bad,published,0.0000,annotator1=bad;annotator2=bad;annotator3=bad;consensus=bad,graded,bad,false,0.005225,0.994775,0.000076,0.005149,
train_local1_124,portable,train,bad,published,0.0000,annotator1=bad;annotator2=bad;annotator3=bad;consensus=bad,graded,bad,false,0.005632,0.994368,0.000118,0.005513,
train_local1_125,portable,train,bad,published,0.0000,annotator1=bad;annotator2=bad;annotator3=bad;consensus=bad,graded,bad,false,0.006250,0.993750,0.000039,0.006211,
train_local1_126,portable,train,bad,published,0.0000,annotator1=bad;annotator2=bad;annotator3=bad;consensus=bad,graded,bad,false,0.002380,0.997620,0.000014,0.002366,
train_local1_127,portable,train,bad,published,0.0000,annotator1=bad;annotator2=bad;annotator3=bad;consensus=bad,graded,bad,false,0.001850,0.998150,0.000010,0.001840,
train_local1_128,portable,train,bad,published,0.0000,annotator1=bad;annotator2=bad;annotator3=bad;consensus=bad,graded,bad,false,0.002327,0.997673,0.000014,0.002312,
train_local1_129,portable,train,bad,published,0.0000,annotator1=bad;annotator2=bad;annotator3=bad;consensus=bad,graded,usable,false,0.625674,0.374326,0.058148,0.567525,
train_local1_13,portable,train,good,published,0.0000,annotator1=good;annotator2=good;annotator3=good;consensus=good,graded,good,true,0.956454,0.043546,0.488522,0.467932,
train_local1_130,portable,train,bad,published,0.0000,annotator1=bad;annotator2=bad;annotator3=bad;consensus=bad,graded,bad,false,0.373014,0.626986,0.021163,0.351851,
train_local1_131,portable,train,bad,published,0.0000,annotator1=bad;annotator2=bad;annotator3=bad;consensus=bad,graded,bad,false,0.002596,0.997404,0.000016,0.002580,
train_local1_132,portable,train,bad,published,0.0000,annotator1=bad;annotator2=bad;annotator3=bad;consensus=bad,graded,bad,false,0.002817,0.997183,0.000027,0.002790,
train_local1_133,portable,train,bad,published,0.0000,annotator1=bad;annotator2=bad;annotator3=bad;consensus=bad,graded,bad,false,0.005225,0.994775,0.000050,0.005175,
train_local1_134,portable,train,bad,published,0.0000,annotator1=bad;annotator2=bad;annotator3=bad;consensus=bad,graded,bad,false,0.002169,0.997831,0.000011,0.002158,
train_local1_135,portable,train,bad,published,0.0000,annotator1=bad;annotator2=bad;annotator3=bad;consensus=bad,graded,bad,false,0.002161,0.997839,0.000011,0.002150,
train_local1_136,portable,train,bad,published,0.0000,annotator1=bad;annotator2=bad;annotator3=bad;consensus=bad,graded,bad,false,0.001827,0.998173,0.000008,0.001818,
train_local1_137,portable,train,bad,published,0.0000,annotator1=bad;annotator2=bad;annotator3=bad;consensus=bad,graded,bad,false,0.002311,0.997689,0.000012,0.002298,
train_local1_138,portable,train,bad,published,0.0000,annotator1=bad;annotator2=bad;annotator3=bad;consensus=bad,graded,bad,false,0.002580,0.997420,0.000013,0.002567,
train_local1_139,portable,train,bad,published,0.0000,annotator1=bad;annotator2=bad;annotator3=bad;consensus=bad,graded,bad,false,0.003978,0.996022,0.000018,0.003960,
train_local1_14,portable,train,good,published,0.0000,annotator1=good;annotator2=good;annotator3=good;consensus=good,graded,usable,true,0.848189,0.151811,0.312624,0.535565,
train_local1_140,portable,train,good,published,0.0000,annotator1=good;annotator2=good;annotator3=good;consensus=good,graded,bad,false,0.169569,0.830431,0.006114,0.163455,
train_local1_141,portable,train,bad,published,0.0000,annotator1=bad;annotator2=bad;annotator3=bad;consensus=bad,graded,bad,false,0.074062,0.925938,0.000563,0.073499,
train_local1_142,portable,train,bad,published,0.0000,annotator1=bad;annotator2=bad;annotator3=bad;consensus=bad,graded,bad,false,0.080724,0.919276,0.001099,0.079624,
train_local1_143,portable,train,bad,published,0.0000,annotator1=bad;annotator2=bad;annotator3=bad;consensus=bad,graded,bad,false,0.071037,0.928963,0.001117,0.069920,
train_local1_144,portable,train,bad,published,0.0000,annotator1=bad;annotator2=good;annotator3=bad;consensus=bad,graded,bad,false,0.063163,0.936836,0.000662,0.062501,
train_local1_145,portable,train,bad,published,0.0000,annotator1=bad;annotator2=bad;annotator3=bad;consensus=bad,graded,bad,false,0.198644,0.801356,0.004547,0.194096,
train_local1_146,portable,train,bad,published,0.0000,annotator1=bad;annotator2=bad;annotator3=bad;consensus=bad,graded,bad,false,0.003318,0.996682,0.000028,0.003289,
train_local1_147,portable,train,bad,published,0.0000,annotator1=bad;annotator2=bad;annotator3=bad;consensus=bad,graded,bad,false,0.004367,0.995634,0.000023,0.004344,
train_local1_148,portable,train,bad,published,0.0000,annotator1=bad;annotator2=bad;annotator3=bad;consensus=bad,graded,bad,false,0.019543,0.980457,0.000192,0.019352,
train_local1_149,portable,train,bad,published,0.0000,annotator1=bad;annotator2=bad;annotator3=bad;consensus=bad,graded,bad,false,0.002668,0.997332,0.000019,0.002649,
train_local1_15,portable,train,good,published,0.0000,annotator1=good;annotator2=good;annotator3=good;consensus=good,graded,usable,true,0.806247,0.193753,0.179970,0.626277,
train_local1_150,portable,train,bad,published,0.0000,annotator1=bad;annotator2=bad;annotator3=bad;consensus=bad,graded,bad,false,0.002059,0.997941,0.000011,0.002048,
train_local1_151,portable,train,bad,published,0.0000,annotator1=bad;annotator2=bad;annotator3=bad;consensus=bad,graded,bad,false,0.002242,0.997758,0.000013,0.002229,
train_local1_152,portable,train,bad,published,0.0000,annotator1=bad;annotator2=bad;annotator3=bad;consensus=bad,graded,bad,false,0.002391,0.997609,0.000014,0.002377,
train_local1_153,portable,train,bad,published,0.0000,annotator1=bad;annotator2=bad;annotator3=bad;consensus=bad,graded,bad,false,0.003479,0.996521,0.000018,0.003460,
train_local1_154,portable,train,bad,published,0.0000,annotator1=bad;annotator2=bad;annotator3=bad;consensus=bad,graded,bad,false,0.006457,0.993544,0.000030,0.006427,
train_local1_155,portable,train,bad,published,0.0000,annotator1=bad;annotator2=bad;annotator3=bad;consensus=bad,graded,bad,false,0.002255,0.997745,0.000012,0.002244,
train_local1_156,portable,train,bad,published,0.0000,annotator1=bad;annotator2=bad;annotator3=bad;consensus=bad,graded,bad,false,0.002281,0.997719,0.000013,0.002269,
train_local1_157,portable,train,bad,published,0.0000,annotator1=bad;annotator2=bad;annotator3=bad;consensus=bad,graded,bad,false,0.002366,0.997634,0.000013,0.002353,
train_local1_158,portable,train,bad,published,0.0000,annotator1=bad;annotator2=bad;annotator3=bad;consensus=bad,graded,bad,false,0.002055,0.997945,0.000009,0.002046,
train_local1_159,portable,train,bad,published,0.0000,annotator1=bad;annotator2=bad;annotator3=bad;consensus=bad,graded,bad,false,0.006257,0.993743,0.000034,0.006222,
train_local1_16,portable,train,bad,published,0.0000,annotator1=bad;annotator2=bad;annotator3=bad;consensus=bad,graded,bad,false,0.182518,0.817482,0.002763,0.179755,
train_local1_17,portable,train,good,published,0.0000,annotator1=good;annotator2=good;annotator3=good;consensus=good,graded,usable,true,0.887375,0.112625,0.122474,0.764901,
train_local1_18,portable,train,good,published,0.0000,annotator1=good;annotator2=good;annotator3=good;consensus=good,graded,usable,true,0.846572,0.153428,0.231262,0.615310,
train_local1_19,portable,train,good,published,0.0000,annotator1=good;annotator2=good;annotator3=good;consensus=good,graded,usable,false,0.749230,0.250770,0.047105,0.702125,
train_local1_2,portable,train,good,published,0.0000,annotator1=good;annotator2=good;annotator3=good;consensus=good,graded,usable,true,0.770208,0.229792,0.068256,0.701951,
train_local1_20,portable,train,good,published,0.0000,annotator1=good;annotator2=good;annotator3=good;consensus=good,graded,usable,false,0.739320,0.260680,0.078937,0.660383,
train_local1_21,portable,train,good,published,0.0000,annotator1=good;annotator2=bad;annotator3=bad;consensus=good,graded,bad,false,0.450473,0.549527,0.013371,0.437102,
train_local1_22,portable,train,good,published,0.0000,annotator1=good;annotator2=good;annotator3=good;consensus=good,graded,usable,true,0.754060,0.245940,0.083182,0.670878,
train_local1_23,portable,train,good,published,0.0000,annotator1=good;annotator2=good;annotator3=good;consensus=good,graded,good,true,0.943542,0.056458,0.567191,0.376351,
train_local1_24,portable,train,good,published,0.0000,annotator1=good;annotator2=good;annotator3=good;consensus=good,graded,usable,true,0.766373,0.233627,0.345269,0.421104,
train_local1_25,portable,train,good,published,0.0000,annotator1=good;annotator2=good;annotator3=good;consensus=good,graded,usable,false,0.701212,0.298788,0.233166,0.468046,
train_local1_26,portable,train,good,published,0.0000,annotator1=good;annotator2=good;annotator3=good;consensus=good,graded,usable,true,0.929270,0.070730,0.267069,0.662201,
train_local1_27,portable,train,good,published,0.0000,annotator1=good;annotator2=good;annotator3=good;consensus=good,graded,usable,true,0.883678,0.116322,0.107776,0.775902,
train_local1_28,portable,train,bad,published,0.0000,annotator1=bad;annotator2=bad;annotator3=bad;consensus=bad,graded,bad,false,0.104127,0.895873,0.001462,0.102665,
train_local1_29,portable,train,good,published,0.0000,annotator1=good;annotator2=good;annotator3=good;consensus=good,graded,usable,true,0.895990,0.104010,0.313628,0.582362,
train_local1_3,portable,train,good,published,0.0000,annotator1=good;annotator2=good;annotator3=good;consensus=good,graded,good,true,0.782534,0.217466,0.391289,0.391245,
train_local1_30,portable,train,good,published,0.0000,annotator1=good;annotator2=good;annotator3=good;consensus=good,graded,usable,false,0.530513,0.469487,0.033928,0.496584,
train_local1_31,portable,train,good,published,0.0000,annotator1=good;annotator2=good;annotator3=good;consensus=good,graded,good,true,0.980055,0.019945,0.784798,0.195257,
train_local1_32,portable,train,good,published,0.0000,annotator1=good;annotator2=bad;annotator3=good;consensus=good,graded,bad,false,0.335969,0.664031,0.011730,0.324239,
train_local1_33,portable,train,good,published,0.0000,annotator1=good;annotator2=good;annotator3=good;consensus=good,graded,usable,false,0.575202,0.424799,0.038893,0.536309,
train_local1_34,portable,train,good,published,0.0000,annotator1=good;annotator2=bad;annotator3=good;consensus=good,graded,bad,false,0.247340,0.752660,0.008701,0.238639,
train_local1_35,portable,train,good,published,0.0000,annotator1=good;annotator2=good;annotator3=good;consensus=good,graded,bad,false,0.126761,0.873240,0.010953,0.115808,
train_local1_36,portable,train,bad,published,0.0000,annotator1=bad;annotator2=bad;annotator3=bad;consensus=bad,graded,bad,false,0.019753,0.980247,0.000352,0.019400,
train_local1_37,portable,train,good,published,0.0000,annotator1=good;annotator2=bad;annotator3=bad;consensus=good,graded,bad,false,0.007121,0.992879,0.000095,0.007026,
train_local1_38,portable,train,good,published,0.0000,annotator1=good;annotator2=good;annotator3=good;consensus=good,graded,bad,false,0.031298,0.968702,0.000328,0.030971,
train_local1_39,portable,train,good,published,0.0000,annotator1=good;annotator2=good;annotator3=good;consensus=good,graded,bad,false,0.079536,0.920464,0.001201,0.078335,
train_local1_4,portable,train,good,published,0.0000,annotator1=good;annotator2=good;annotator3=good;consensus=good,graded,usable,false,0.610017,0.389983,0.044661,0.565356,
train_local1_40,portable,train,good,published,0.0000,annotator1=good;annotator2=good;annotator3=good;consensus=good,graded,bad,false,0.039145,0.960855,0.004025,0.035120,
train_local1_41,portable,train,good,published,0.0000,annotator1=good;annotator2=good;annotator3=good;consensus=good,graded,bad,false,0.063628,0.936372,0.002151,0.061478,
train_local1_42,portable,train,good,published,0.0000,annotator1=good;annotator2=good;annotator3=good;consensus=good,graded,bad,false,0.017469,0.982531,0.000628,0.016842,
train_local1_43,portable,train,good,published,0.0000,annotator1=good;annotator2=good;annotator3=good;consensus=good,graded,bad,false,0.252485,0.747515,0.038825,0.213661,
train_local1_44,portable,train,good,published,0.0000,annotator1=good;annotator2=bad;annotator3=good;consensus=good,graded,bad,false,0.096745,0.903255,0.004788,0.091957,
train_local1_45,portable,train,good,published,0.0000,annotator1=good;annotator2=good;annotator3=good;consensus=good,graded,bad,false,0.026936,0.973064,0.003990,0.022946,
train_local1_46,portable,train,bad,published,0.0000,annotator1=bad;annotator2=bad;annotator3=good;consensus=bad,graded,bad,false,0.373014,0.626986,0.021163,0.351851,
train_local1_47,portable,train,bad,published,0.0000,annotator1=bad;annotator2=bad;annotator3=bad;consensus=bad,graded,bad,false,0.002591,0.997409,0.000020,0.002571,
train_local1_48,portable,train,bad,published,0.0000,annotator1=bad;annotator2=bad;annotator3=bad;consensus=bad,graded,bad,false,0.008079,0.991921,0.000151,0.007928,
train_local1_49,portable,train,bad,published,0.0000,annotator1=bad;annotator2=bad;annotator3=bad;consensus=bad,graded,bad,false,0.004971,0.995029,0.000037,0.004934,
train_local1_5,portable,train,good,published,0.0000,annotator1=good;annotator2=good;annotator3=good;consensus=good,graded,usable,false,0.602025,0.397975,0.013848,0.588177,
train_local1_50,portable,train,bad,published,0.0000,annotator1=bad;annotator2=bad;annotator3=bad;consensus=bad,graded,bad,false,0.004537,0.995463,0.000047,0.004490,
train_local1_51,portable,train,bad,published,0.0000,annotator1=bad;annotator2=bad;annotator3=bad;consensus=bad,graded,bad,false,0.020949,0.979051,0.000390,0.020558,
train_local1_52,portable,train,bad,published,0.0000,annotator1=bad;annotator2=bad;annotator3=bad;consensus=bad,graded,bad,false,0.016036,0.983964,0.000279,0.015757,
train_local1_53,portable,train,bad,published,0.0000,annotator1=bad;annotator2=bad;annotator3=bad;consensus=bad,graded,bad,false,0.007112,0.992888,0.000052,0.007059,
train_local1_54,portable,train,bad,published,0.0000,annotator1=bad;annotator2=bad;annotator3=bad;consensus=bad,graded,bad,false,0.010671,0.989329,0.000129,0.010542,
train_local1_55,portable,train,bad,published,0.0000,annotator1=bad;annotator2=bad;annotator3=bad;consensus=bad,graded,bad,false,0.002020,0.997980,0.000011,0.002009,
train_local1_56,portable,train,bad,published,0.0000,annotator1=bad;annotator2=bad;annotator3=bad;consensus=bad,graded,bad,false,0.003178,0.996822,0.000018,0.003160,
train_local1_57,portable,train,bad,published,0.0000,annotator1=bad;annotator2=bad;annotator3=bad;consensus=bad,graded,bad,false,0.002175,0.997825,0.000018,0.002157,
train_local1_58,portable,train,bad,published,0.0000,annotator1=bad;annotator2=bad;annotator3=bad;consensus=bad,graded,bad,false,0.001869,0.998131,0.000009,0.001860,
train_local1_59,portable,train,bad,published,0.0000,annotator1=bad;annotator2=bad;annotator3=bad;consensus=bad,graded,bad,false,0.003405,0.996595,0.000035,0.003370,
train_local1_6,portable,train,good,published,0.0000,annotator1=good;annotator2=good;annotator3=good;consensus=good,graded,usable,true,0.899014,0.100986,0.169153,0.729861,
train_local1_60,portable,train,bad,published,0.0000,annotator1=bad;annotator2=bad;annotator3=bad;consensus=bad,graded,bad,false,0.002750,0.997250,0.000016,0.002734,
train_local1_61,portable,train,bad,published,0.0000,annotator1=bad;annotator2=bad;annotator3=bad;consensus=bad,graded,bad,false,0.007549,0.992451,0.000058,0.007492,
train_local1_62,portable,train,bad,published,0.0000,annotator1=bad;annotator2=bad;annotator3=bad;consensus=bad,graded,bad,false,0.002943,0.997057,0.000017,0.002926,
train_local1_63,portable,train,bad,published,0.0000,annotator1=bad;annotator2=bad;annotator3=bad;consensus=bad,graded,bad,false,0.002959,0.997041,0.000027,0.002932,
train_local1_64,portable,train,bad,published,0.0000,annotator1=bad;annotator2=bad;annotator3=bad;consensus=bad,graded,bad,false,0.002550,0.997450,0.000014,0.002537,
train_local1_65,portable,train,bad,published,0.0000,annotator1=bad;annotator2=bad;annotator3=bad;consensus=bad,graded,bad,false,0.005023,0.994977,0.000054,0.004969,
train_local1_66,portable,train,bad,published,0.0000,annotator1=bad;annotator2=bad;annotator3=bad;consensus=bad,graded,bad,false,0.003556,0.996444,0.000018,0.003538,
train_local1_67,portable,train,bad,published,0.0000,annotator1=bad;annotator2=bad;annotator3=bad;consensus=bad,graded,bad,false,0.157876,0.842124,0.002202,0.155674,
train_local1_68,portable,train,bad,published,0.0000,annotator1=bad;annotator2=bad;annotator3=bad;consensus=bad,graded,bad,false,0.126300,0.873700,0.001836,0.124464,
train_local1_69,portable,train,bad,published,0.0000,annotator1=bad;annotator2=bad;annotator3=bad;consensus=bad,graded,bad,false,0.245407,0.754593,0.007069,0.238338,
train_local1_7,portable,train,good,published,0.0000,annotator1=good;annotator2=bad;annotator3=good;consensus=good,graded,bad,false,0.436565,0.563435,0.020471,0.416094,
train_local1_70,portable,train,bad,published,0.0000,annotator1=bad;annotator2=bad;annotator3=bad;consensus=bad,graded,bad,false,0.134232,0.865768,0.002718,0.131514,
train_local1_71,portable,train,bad,published,0.0000,annotator1=bad;annotator2=bad;annotator3=bad;consensus=bad,graded,bad,false,0.009148,0.990852,0.000043,0.009105,
train_local1_72,portable,train,bad,published,0.0000,annotator1=bad;annotator2=bad;annotator3=bad;consensus=bad,graded,bad,false,0.026658,0.973342,0.000117,0.026541,
train_local1_73,portable,train,good,published,0.0000,annotator1=bad;annotator2=good;annotator3=bad;consensus=good,graded,usable,false,0.625674,0.374326,0.058148,0.567525,
train_local1_74,portable,train,bad,published,0.0000,annotator1=bad;annotator2=bad;annotator3=bad;consensus=bad,graded,bad,false,0.007908,0.992092,0.000114,0.007794,
train_local1_75,portable,train,bad,published,0.0000,annotator1=bad;annotator2=bad;annotator3=bad;consensus=bad,graded,bad,false,0.001945,0.998055,0.000009,0.001936,
train_local1_76,portable,train,bad,published,0.0000,annotator1=bad;annotator2=bad;annotator3=bad;consensus=bad,graded,bad,false,0.002320,0.997680,0.000012,0.002308,
train_local1_77,portable,train,bad,published,0.0000,annotator1=bad;annotator2=bad;annotator3=bad;consensus=bad,graded,bad,false,0.001848,0.998152,0.000008,0.001840,
train_local1_78,portable,train,bad,published,0.0000,annotator1=bad;annotator2=bad;annotator3=bad;consensus=bad,graded,bad,false,0.002677,0.997323,0.000015,0.002662,
train_local1_79,portable,train,bad,published,0.0000,annotator1=bad;annotator2=bad;annotator3=bad;consensus=bad,graded,bad,false,0.002378,0.997622,0.000014,0.002364,
train_local1_8,portable,train,good,published,0.0000,annotator1=good;annotator2=good;annotator3=good;consensus=good,graded,usable,false,0.550907,0.449093,0.034703,0.516204,
train_local1_80,portable,train,bad,published,0.0000,annotator1=bad;annotator2=bad;annotator3=bad;consensus=bad,graded,bad,false,0.003405,0.996595,0.000034,0.003371,
train_local1_81,portable,train,bad,published,0.0000,annotator1=bad;annotator2=bad;annotator3=bad;consensus=bad,graded,bad,false,0.003175,0.996825,0.000028,0.003147,
train_local1_82,portable,train,bad,published,0.0000,annotator1=bad;annotator2=bad;annotator3=bad;consensus=bad,graded,bad,false,0.010514,0.989486,0.000042,0.010472,
train_local1_83,portable,train,bad,published,0.0000,annotator1=bad;annotator2=bad;annotator3=bad;consensus=bad,graded,bad,false,0.002132,0.997868,0.000011,0.002122,
train_local1_84,portable,train,bad,published,0.0000,annotator1=bad;annotator2=bad;annotator3=bad;consensus=bad,graded,bad,false,0.065518,0.934482,0.000804,0.064713,
train_local1_85,portable,train,bad,published,0.0000,annotator1=bad;annotator2=bad;annotator3=bad;consensus=bad,graded,bad,false,0.131714,0.868286,0.001970,0.129743,
train_local1_86,portable,train,bad,published,0.0000,annotator1=bad;annotator2=bad;annotator3=bad;consensus=bad,graded,bad,false,0.017984,0.982016,0.000105,0.017879,
train_local1_87,portable,train,bad,published,0.0000,annotator1=bad;annotator2=bad;annotator3=good;consensus=bad,graded,bad,false,0.367473,0.632527,0.091071,0.276402,
train_local1_88,portable,train,bad,published,0.0000,annotator1=bad;annotator2=bad;annotator3=good;consensus=bad,graded,bad,false,0.297711,0.702289,0.026436,0.271276,
train_local1_89,portable,train,bad,published,0.0000,annotator1=bad;annotator2=bad;annotator3=good;consensus=bad,graded,usable,true,0.879241,0.120759,0.421264,0.457978,
train_local1_9,portable,train,good,published,0.0000,annotator1=good;annotator2=good;annotator3=good;consensus=good,graded,usable,false,0.527256,0.472744,0.021448,0.505808,
train_local1_90,portable,train,bad,published,0.0000,annotator1=bad;annotator2=bad;annotator3=good;consensus=bad,graded,usable,false,0.665888,0.334112,0.049366,0.616522,
train_local1_91,portable,train,bad,published,0.0000,annotator1=bad;annotator2=bad;annotator3=bad;consensus=bad,graded,bad,false,0.060202,0.939798,0.001255,0.058947,
train_local1_92,portable,train,bad,published,0.0000,annotator1=bad;annotator2=bad;annotator3=bad;consensus=bad,graded,bad,false,0.035141,0.964859,0.000346,0.034795,
train_local1_93,portable,train,bad,published,0.0000,annotator1=bad;annotator2=bad;annotator3=good;consensus=bad,graded,bad,false,0.035745,0.964255,0.000963,0.034781,
train_local1_94,portable,train,bad,published,0.0000,annotator1=bad;annotator2=bad;annotator3=bad;consensus=bad,graded,bad,false,0.114936,0.885064,0.005064,0.109871,
train_local1_95,portable,train,bad,published,0.0000,annotator1=bad;annotator2=bad;annotator3=bad;consensus=bad,graded,bad,false,0.054413,0.945588,0.000519,0.053893,
train_local1_96,portable,train,bad,published,0.0000,annotator1=bad;annotator2=bad;annotator3=bad;consensus=bad,graded,bad,false,0.011355,0.988645,0.000102,0.011254,
train_local1_97,portable,train,bad,published,0.0000,annotator1=bad;annotator2=bad;annotator3=bad;consensus=bad,graded,bad,false,0.072137,0.927863,0.001663,0.070474,
train_local1_98,portable,train,bad,published,0.0000,annotator1=bad;annotator2=bad;annotator3=bad;consensus=bad,graded,bad,false,0.039587,0.960413,0.000222,0.039365,
train_local1_99,portable,train,bad,published,0.0000,annotator1=bad;annotator2=bad;annotator3=bad;consensus=bad,graded,bad,false,0.036796,0.963204,0.000148,0.036649,
train_local2_1,portable,train,good,published,0.0000,annotator1=good;annotator2=good;annotator3=good;consensus=good,graded,good,true,0.951637,0.048363,0.522988,0.428649,
train_local2_10,portable,train,good,published,0.0000,annotator1=good;annotator2=good;annotator3=good;consensus=good,graded,usable,true,0.797588,0.202412,0.260742,0.536846,
train_local2_11,portable,train,good,published,0.0000,annotator1=good;annotator2=good;annotator3=good;consensus=good,graded,usable,false,0.651254,0.348746,0.055087,0.596168,
train_local2_12,portable,train,good,published,0.0000,annotator1=good;annotator2=good;annotator3=good;consensus=good,graded,bad,false,0.556827,0.443173,0.210355,0.346471,
train_local2_13,portable,train,good,published,0.0000,annotator1=good;annotator2=good;annotator3=good;consensus=good,graded,usable,false,0.655084,0.344916,0.043985,0.611099,
train_local2_14,portable,train,good,published,0.0000,annotator1=bad;annotator2=good;annotator3=good;consensus=good,graded,bad,false,0.132803,0.867197,0.001120,0.131683,
train_local2_15,portable,train,good,published,0.0000,annotator1=good;annotator2=bad;annotator3=bad;consensus=good,graded,bad,false,0.016770,0.983230,0.000344,0.016426,
train_local2_16,portable,train,good,published,0.0000,annotator1=good;annotator2=bad;annotator3=good;consensus=good,graded,usable,false,0.582687,0.417313,0.011353,0.571334,
train_local2_17,portable,train,good,published,0.0000,annotator1=good;annotator2=good;annotator3=good;consensus=good,graded,usable,true,0.896330,0.103670,0.151469,0.744861,
train_local2_18,portable,train,good,published,0.0000,annotator1=good;annotator2=good;annotator3=good;consensus=good,graded,usable,true,0.812147,0.187853,0.309730,0.502417,
train_local2_19,portable,train,good,published,0.0000,annotator1=good;annotator2=good;annotator3=good;consensus=good,graded,usable,true,0.822586,0.177414,0.308558,0.514029,
train_local2_2,portable,train,good,published,0.0000,annotator1=good;annotator2=good;annotator3=good;consensus=good,graded,usable,true,0.760822,0.239178,0.107804,0.653019,
train_local2_20,portable,train,good,published,0.0000,annotator1=good;annotator2=good;annotator3=good;consensus=good,graded,good,true,0.981719,0.018281,0.835113,0.146607,
train_local2_21,portable,train,good,published,0.0000,annotator1=good;annotator2=good;annotator3=good;consensus=good,graded,bad,false,0.482011,0.517989,0.023513,0.458498,
train_local2_22,portable,train,bad,published,0.0000,annotator1=bad;annotator2=bad;annotator3=bad;consensus=bad,graded,bad,false,0.015267,0.984733,0.000090,0.015177,
train_local2_23,portable,train,bad,published,0.0000,annotator1=bad;annotator2=bad;annotator3=bad;consensus=bad,graded,bad,false,0.004879,0.995121,0.000053,0.004825,
train_local2_24,portable,train,good,published,0.0000,annotator1=good;annotator2=good;annotator3=good;consensus=good,graded,good,true,0.884741,0.115259,0.615735,0.269006,
train_local2_25,portable,train,good,published,0.0000,annotator1=good;annotator2=good;annotator3=good;consensus=good,graded,good,true,0.985500,0.014500,0.736611,0.248889,
train_local2_26,portable,train,good,published,0.0000,annotator1=good;annotator2=good;annotator3=good;consensus=good,graded,usable,true,0.774210,0.225790,0.378475,0.395736,
train_local2_27,portable,train,good,published,0.0000,annotator1=good;annotator2=good;annotator3=good;consensus=good,graded,usable,false,0.695627,0.304373,0.175668,0.519959,
train_local2_28,portable,train,good,published,0.0000,annotator1=good;annotator2=good;annotator3=bad;consensus=good,graded,usable,false,0.548249,0.451751,0.029421,0.518828,
train_local2_29,portable,train,good,published,0.0000,annotator1=good;annotator2=bad;annotator3=good;consensus=good,graded,bad,false,0.227561,0.772439,0.004931,0.222630,
train_local2_3,portable,train,good,published,0.0000,annotator1=good;annotator2=bad;annotator3=bad;consensus=good,graded,bad,false,0.357700,0.642300,0.008936,0.348764,
train_local2_30,portable,train,good,published,0.0000,annotator1=good;annotator2=good;annotator3=good;consensus=good,graded,bad,false,0.349124,0.650876,0.011745,0.337379,
train_local2_31,portable,train,bad,published,0.0000,annotator1=bad;annotator2=bad;annotator3=bad;consensus=bad,graded,bad,false,0.009297,0.990703,0.000211,0.009087,
train_local2_32,portable,train,bad,published,0.0000,annotator1=bad;annotator2=bad;annotator3=bad;consensus=bad,graded,bad,false,0.071529,0.928471,0.001675,0.069854,
train_local2_33,portable,train,bad,published,0.0000,annotator1=bad;annotator2=bad;annotator3=bad;consensus=bad,graded,bad,false,0.002933,0.997067,0.000019,0.002914,
train_local2_34,portable,train,bad,published,0.0000,annotator1=bad;annotator2=bad;annotator3=bad;consensus=bad,graded,bad,false,0.002130,0.997870,0.000013,0.002117,
train_local2_35,portable,train,bad,published,0.0000,annotator1=bad;annotator2=bad;annotator3=bad;consensus=bad,graded,bad,false,0.002345,0.997654,0.000011,0.002334,
train_local2_36,portable,train,bad,published,0.0000,annotator1=bad;annotator2=bad;annotator3=bad;consensus=bad,graded,bad,false,0.003198,0.996802,0.000028,0.003170,
train_local2_37,portable,train,bad,published,0.0000,annotator1=bad;annotator2=bad;annotator3=bad;consensus=bad,graded,bad,false,0.001990,0.998010,0.000011,0.001979,
train_local2_38,portable,train,bad,published,0.0000,annotator1=bad;annotator2=bad;annotator3=bad;consensus=bad,graded,bad,false,0.002483,0.997517,0.000017,0.002466,
train_local2_39,portable,train,bad,published,0.0000,annotator1=bad;annotator2=bad;annotator3=bad;consensus=bad,graded,bad,false,0.002789,0.997211,0.000017,0.002772,
train_local2_4,portable,train,bad,published,0.0000,annotator1=bad;annotator2=bad;annotator3=bad;consensus=bad,graded,bad,false,0.012859,0.987141,0.000062,0.012797,
train_local2_40,portable,train,bad,published,0.0000,annotator1=bad;annotator2=bad;annotator3=bad;consensus=bad,graded,bad,false,0.002263,0.997737,0.000014,0.002250,
train_local2_41,portable,train,bad,published,0.0000,annotator1=bad;annotator2=bad;annotator3=bad;consensus=bad,graded,bad,false,0.002459,0.997541,0.000013,0.002446,
train_local2_42,portable,train,bad,published,0.0000,annotator1=bad;annotator2=bad;annotator3=bad;consensus=bad,graded,bad,false,0.002729,0.997271,0.000015,0.002714,
train_local2_43,portable,train,bad,published,0.0000,annotator1=bad;annotator2=bad;annotator3=bad;consensus=bad,graded,bad,false,0.002936,0.997064,0.000025,0.002911,
train_local2_44,portable,train,bad,published,0.0000,annotator1=bad;annotator2=bad;annotator3=bad;consensus=bad,graded,bad,false,0.002397,0.997603,0.000014,0.002383,
train_local2_45,portable,train,bad,published,0.0000,annotator1=bad;annotator2=bad;annotator3=bad;consensus=bad,graded,bad,false,0.030127,0.969873,0.000200,0.029927,
train_local2_46,portable,train,bad,published,0.0000,annotator1=bad;annotator2=bad;annotator3=bad;consensus=bad,graded,bad,false,0.067701,0.932299,0.000651,0.067049,
train_local2_47,portable,train,bad,published,0.0000,annotator1=bad;annotator2=bad;annotator3=bad;consensus=bad,graded,bad,false,0.010302,0.989698,0.000064,0.010237,
train_local2_48,portable,train,bad,published,0.0000,annotator1=bad;annotator2=bad;annotator3=bad;consensus=bad,graded,bad,false,0.002423,0.997577,0.000013,0.002410,
train_local2_49,portable,train,bad,published,0.0000,annotator1=bad;annotator2=bad;annotator3=bad;consensus=bad,graded,bad,false,0.001970,0.998030,0.000010,0.001960,
train_local2_5,portable,train,good,published,0.0000,annotator1=good;annotator2=good;annotator3=good;consensus=good,graded,good,true,0.961011,0.038989,0.619090,0.341921,
train_local2_50,portable,train,bad,published,0.0000,annotator1=bad;annotator2=bad;annotator3=bad;consensus=bad,graded,bad,false,0.015314,0.984686,0.000182,0.015131,
train_local2_51,portable,train,bad,published,0.0000,annotator1=bad;annotator2=bad;annotator3=bad;consensus=bad,graded,bad,false,0.002358,0.997642,0.000014,0.002344,
train_local2_52,portable,train,bad,published,0.0000,annotator1=bad;annotator2=bad;annotator3=bad;consensus=bad,graded,bad,false,0.003624,0.996376,0.000043,0.003581,
train_local2_53,portable,train,bad,published,0.0000,annotator1=bad;annotator2=bad;annotator3=bad;consensus=bad,graded,bad,false,0.007616,0.992384,0.000071,0.007544,
train_local2_54,portable,train,bad,published,0.0000,annotator1=bad;annotator2=bad;annotator3=bad;consensus=bad,graded,bad,false,0.009525,0.990475,0.000064,0.009461,
train_local2_55,portable,train,bad,published,0.0000,annotator1=bad;annotator2=bad;annotator3=bad;consensus=bad,graded,bad,false,0.002629,0.997371,0.000014,0.002616,
train_local2_56,portable,train,bad,published,0.0000,annotator1=bad;annotator2=bad;annotator3=bad;consensus=bad,graded,bad,false,0.005312,0.994688,0.000043,0.005269,
train_local2_57,portable,train,bad,published,0.0000,annotator1=bad;annotator2=bad;annotator3=bad;consensus=bad,graded,bad,false,0.012333,0.987667,0.000074,0.012258,
train_local2_58,portable,train,bad,published,0.0000,annotator1=bad;annotator2=bad;annotator3=bad;consensus=bad,graded,bad,false,0.003878,0.996122,0.000026,0.003851,
train_local2_59,portable,train,bad,published,0.0000,annotator1=bad;annotator2=bad;annotator3=bad;consensus=bad,graded,bad,false,0.037988,0.962012,0.000618,0.037369,
train_local2_6,portable,train,good,published,0.0000,annotator1=good;annotator2=good;annotator3=good;consensus=good,graded,usable,false,0.731596,0.268404,0.063547,0.668049,
train_local2_60,portable,train,bad,published,0.0000,annotator1=bad;annotator2=bad;annotator3=bad;consensus=bad,graded,bad,false,0.007705,0.992295,0.000088,0.007617,
train_local2_61,portable,train,bad,published,0.0000,annotator1=bad;annotator2=bad;annotator3=bad;consensus=bad,graded,bad,false,0.001967,0.998033,0.000011,0.001956,
train_local2_62,portable,train,bad,published,0.0000,annotator1=bad;annotator2=bad;annotator3=bad;consensus=bad,graded,bad,false,0.002799,0.997201,0.000021,0.002778,
train_local2_63,portable,train,bad,published,0.0000,annotator1=bad;annotator2=bad;annotator3=bad;consensus=bad,graded,bad,false,0.003814,0.996186,0.000018,0.003795,
train_local2_64,portable,train,bad,published,0.0000,annotator1=bad;annotator2=bad;annotator3=bad;consensus=bad,graded,bad,false,0.005231,0.994769,0.000118,0.005113,
train_local2_65,portable,train,bad,published,0.0000,annotator1=bad;annotator2=bad;annotator3=good;consensus=bad,graded,bad,false,0.060696,0.939304,0.001822,0.058873,
train_local2_66,portable,train,bad,published,0.0000,annotator1=bad;annotator2=bad;annotator3=bad;consensus=bad,graded,bad,false,0.009593,0.990407,0.000103,0.009489,
train_local2_67,portable,train,bad,published,0.0000,annotator1=bad;annotator2=bad;annotator3=bad;consensus=bad,graded,bad,false,0.003731,0.996269,0.000043,0.003688,
train_local2_68,portable,train,bad,published,0.0000,annotator1=bad;annotator2=bad;annotator3=bad;consensus=bad,graded,bad,false,0.025631,0.974369,0.000133,0.025498,
train_local2_69,portable,train,bad,published,0.0000,annotator1=bad;annotator2=bad;annotator3=bad;consensus=bad,graded,bad,false,0.004829,0.995171,0.000033,0.004796,
train_local2_7,portable,train,good,published,0.0000,annotator1=good;annotator2=good;annotator3=good;consensus=good,graded,usable,true,0.932198,0.067802,0.363691,0.568507,
train_local2_70,portable,train,bad,published,0.0000,annotator1=bad;annotator2=bad;annotator3=bad;consensus=bad,graded,bad,false,0.003260,0.996740,0.000015,0.003245,
train_local2_71,portable,train,bad,published,0.0000,annotator1=bad;annotator2=bad;annotator3=bad;consensus=bad,graded,bad,false,0.002787,0.997213,0.000023,0.002764,
train_local2_72,portable,train,bad,published,0.0000,annotator1=bad;annotator2=bad;annotator3=bad;consensus=bad,graded,bad,false,0.002563,0.997437,0.000016,0.002547,
train_local2_73,portable,train,bad,published,0.0000,annotator1=bad;annotator2=bad;annotator3=bad;consensus=bad,graded,bad,false,0.002640,0.997360,0.000017,0.002623,
train_local2_74,portable,train,bad,published,0.0000,annotator1=bad;annotator2=bad;annotator3=bad;consensus=bad,graded,bad,false,0.002627,0.997373,0.000017,0.002610,
train_local2_75,portable,train,bad,published,0.0000,annotator1=bad;annotator2=bad;annotator3=bad;consensus=bad,graded,bad,false,0.006479,0.993521,0.000027,0.006452,
train_local2_76,portable,train,bad,published,0.0000,annotator1=bad;annotator2=bad;annotator3=bad;consensus=bad,graded,bad,false,0.007909,0.992091,0.000035,0.007874,
train_local2_77,portable,train,bad,published,0.0000,annotator1=bad;annotator2=bad;annotator3=bad;consensus=bad,graded,bad,false,0.001884,0.998116,0.000011,0.001873,
train_local2_78,portable,train,bad,published,0.0000,annotator1=bad;annotator2=bad;annotator3=bad;consensus=bad,graded,bad,false,0.002202,0.997798,0.000014,0.002188,
train_local2_79,portable,train,bad,published,0.0000,annotator1=bad;annotator2=bad;annotator3=bad;consensus=bad,graded,bad,false,0.002670,0.997330,0.000018,0.002652,
train_local2_8,portable,train,bad,published,0.0000,annotator1=bad;annotator2=bad;annotator3=bad;consensus=bad,graded,bad,false,0.005550,0.994450,0.000074,0.005476,
train_local2_80,portable,train,bad,published,0.0000,annotator1=bad;annotator2=bad;annotator3=bad;consensus=bad,graded,bad,false,0.002115,0.997885,0.000011,0.002104,
train_local2_81,portable,train,bad,published,0.0000,annotator1=bad;annotator2=bad;annotator3=bad;consensus=bad,graded,bad,false,0.002521,0.997479,0.000013,0.002509,
train_local2_82,portable,train,bad,published,0.0000,annotator1=bad;annotator2=good;annotator3=good;consensus=bad,graded,bad,false,0.216957,0.783043,0.011737,0.205219,
train_local2_83,portable,train,bad,published,0.0000,annotator1=bad;annotator2=bad;annotator3=bad;consensus=bad,graded,bad,false,0.021043,0.978957,0.000101,0.020942,
train_local2_9,portable,train,good,published,0.0000,annotator1=good;annotator2=good;annotator3=good;consensus=good,graded,good,true,0.998600,0.001400,0.931881,0.066719,
