key,subset,split,reader,native_side,outcome,resampling,artery_dice,vein_dice,vessels_dice,artery_cldice,vein_cldice,vessels_cldice,said_artery_px,said_vein_px,truth_artery_px,truth_vein_px,note
test_007_n,square,test,expert,1280,graded,"probabilities to native, bilinear, then thresholded",,,0.873124,,,0.904314,0,0,82798,66367,
test_016_n,square,test,expert,1274,graded,"probabilities to native, bilinear, then thresholded",,,0.834515,,,0.844525,0,0,82867,90177,
test_018_n,large,test,expert,2093,graded,"probabilities to native, bilinear, then thresholded",,,0.841594,,,0.899155,0,0,181901,223723,
test_022_n,square,test,expert,1274,graded,"probabilities to native, bilinear, then thresholded",,,0.889174,,,0.907049,0,0,78970,90047,
test_024_n,square,test,expert,1274,graded,"probabilities to native, bilinear, then thresholded",,,0.831561,,,0.831633,0,0,65043,94478,
test_027_g,large,test,expert,2094,graded,"probabilities to native, bilinear, then thresholded",,,0.896328,,,0.922959,0,0,182722,185094,
test_035_a,square,test,expert,1275,graded,"probabilities to native, bilinear, then thresholded",,,0.898856,,,0.922694,0,0,75334,82967,
test_040_g,square,test,expert,1277,graded,"probabilities to native, bilinear, then thresholded",,,0.899925,,,0.915701,0,0,68124,96023,
test_044_n,square,test,expert,1280,graded,"probabilities to native, bilinear, then thresholded",,,0.908769,,,0.937061,0,0,74768,87250,
test_047_a,square,test,expert,1275,graded,"probabilities to native, bilinear, then thresholded",,,0.899102,,,0.926555,0,0,70374,82981,
test_048_d,large,test,expert,2093,graded,"probabilities to native, bilinear, then thresholded",,,0.863035,,,0.908642,0,0,153827,243151,
test_052_n,square,test,expert,1279,graded,"probabilities to native, bilinear, then thresholded",,,0.908446,,,0.940593,0,0,60160,75810,
test_064_d,square,test,expert,1280,graded,"probabilities to native, bilinear, then thresholded",,,0.895635,,,0.912423,0,0,78097,84788,
test_074_n,square,test,expert,1280,graded,"probabilities to native, bilinear, then thresholded",,,0.902788,,,0.933063,0,0,70534,78379,
test_077_g,square,test,expert,1280,graded,"probabilities to native, bilinear, then thresholded",,,0.869164,,,0.890910,0,0,64176,82226,
test_078_d,square,test,expert,1275,graded,"probabilities to native, bilinear, then thresholded",,,0.901313,,,0.914869,0,0,72562,95163,
test_086_n,square,test,expert,1275,graded,"probabilities to native, bilinear, then thresholded",,,0.896764,,,0.913756,0,0,64844,74838,
test_090_g,square,test,expert,1276,graded,"probabilities to native, bilinear, then thresholded",,,0.901462,,,0.922784,0,0,74855,88692,
test_095_g,square,test,expert,1273,graded,"probabilities to native, bilinear, then thresholded",,,0.907672,,,0.923633,0,0,76710,81603,
test_099_d,square,test,expert,1275,graded,"probabilities to native, bilinear, then thresholded",,,0.908937,,,0.929493,0,0,77955,83948,
train_001_g,square,train,expert,1277,graded,"probabilities to native, bilinear, then thresholded",,,0.914858,,,0.942869,0,0,69326,85300,
train_002_n,square,train,expert,1280,graded,"probabilities to native, bilinear, then thresholded",,,0.896587,,,0.935449,0,0,69217,97921,
train_003_n,square,train,expert,1280,graded,"probabilities to native, bilinear, then thresholded",,,0.893752,,,0.901870,0,0,60094,91819,
train_004_d,square,train,expert,1275,graded,"probabilities to native, bilinear, then thresholded",,,0.892237,,,0.921754,0,0,54186,65830,
train_005_n,square,train,expert,1280,graded,"probabilities to native, bilinear, then thresholded",,,0.869180,,,0.895101,0,0,70136,75053,
train_006_a,square,train,expert,1280,graded,"probabilities to native, bilinear, then thresholded",,,0.889751,,,0.919632,0,0,81736,74368,
train_008_n,large,train,expert,2094,graded,"probabilities to native, bilinear, then thresholded",,,0.838900,,,0.869495,0,0,187693,212057,
train_009_d,large,train,expert,2093,graded,"probabilities to native, bilinear, then thresholded",,,0.841152,,,0.884569,0,0,207614,241193,
train_010_d,large,train,expert,2094,graded,"probabilities to native, bilinear, then thresholded",,,0.847040,,,0.873565,0,0,185892,234210,
train_011_n,large,train,expert,2093,graded,"probabilities to native, bilinear, then thresholded",,,0.816627,,,0.863463,0,0,176605,204504,
train_012_n,large,train,expert,2094,graded,"probabilities to native, bilinear, then thresholded",,,0.835789,,,0.886952,0,0,211759,215007,
train_013_a,square,train,expert,1277,graded,"probabilities to native, bilinear, then thresholded",,,0.886414,,,0.901141,0,0,76086,98248,
train_014_d,square,train,expert,1276,graded,"probabilities to native, bilinear, then thresholded",,,0.892554,,,0.924533,0,0,86532,87324,
train_015_n,square,train,expert,1276,graded,"probabilities to native, bilinear, then thresholded",,,0.845250,,,0.868156,0,0,80188,100480,
train_017_g,square,train,expert,1279,graded,"probabilities to native, bilinear, then thresholded",,,0.900135,,,0.929450,0,0,86181,89486,
train_019_g,square,train,expert,1280,graded,"probabilities to native, bilinear, then thresholded",,,0.895396,,,0.917114,0,0,66711,63179,
train_020_n,large,train,expert,2094,graded,"probabilities to native, bilinear, then thresholded",,,0.856962,,,0.919185,0,0,193586,234103,
train_021_n,large,train,expert,2095,graded,"probabilities to native, bilinear, then thresholded",,,0.834665,,,0.893054,0,0,210733,228295,
train_023_n,square,train,expert,1273,graded,"probabilities to native, bilinear, then thresholded",,,0.892130,,,0.905256,0,0,73164,83220,
train_025_g,large,train,expert,2093,graded,"probabilities to native, bilinear, then thresholded",,,0.847627,,,0.900819,0,0,181805,191348,
train_026_g,large,train,expert,2093,graded,"probabilities to native, bilinear, then thresholded",,,0.867091,,,0.924177,0,0,189878,215803,
train_028_g,large,train,expert,2095,graded,"probabilities to native, bilinear, then thresholded",,,0.872921,,,0.910206,0,0,196841,205883,
train_029_d,large,train,expert,2096,graded,"probabilities to native, bilinear, then thresholded",,,0.874010,,,0.906017,0,0,154523,254744,
train_030_a,square,train,expert,1275,graded,"probabilities to native, bilinear, then thresholded",,,0.891996,,,0.927502,0,0,80994,92900,
train_031_g,square,train,expert,1277,graded,"probabilities to native, bilinear, then thresholded",,,0.911175,,,0.936372,0,0,70934,80641,
train_032_a,square,train,expert,1278,graded,"probabilities to native, bilinear, then thresholded",,,0.890507,,,0.935301,0,0,67430,77878,
train_033_g,square,train,expert,1273,graded,"probabilities to native, bilinear, then thresholded",,,0.889862,,,0.918640,0,0,69996,84971,
train_034_g,square,train,expert,1275,graded,"probabilities to native, bilinear, then thresholded",,,0.908334,,,0.939258,0,0,72138,85141,
train_036_a,large,train,expert,2095,graded,"probabilities to native, bilinear, then thresholded",,,0.876704,,,0.910477,0,0,166429,242430,
train_037_n,large,train,expert,2093,graded,"probabilities to native, bilinear, then thresholded",,,0.866922,,,0.896624,0,0,156792,227779,
train_038_n,large,train,expert,2093,graded,"probabilities to native, bilinear, then thresholded",,,0.867871,,,0.906418,0,0,161826,257450,
train_039_n,square,train,expert,1279,graded,"probabilities to native, bilinear, then thresholded",,,0.897301,,,0.917797,0,0,76912,79241,
train_041_n,square,train,expert,1275,graded,"probabilities to native, bilinear, then thresholded",,,0.887742,,,0.920633,0,0,70460,80034,
train_042_a,square,train,expert,1273,graded,"probabilities to native, bilinear, then thresholded",,,0.857161,,,0.867294,0,0,77840,78457,
train_043_n,square,train,expert,1279,graded,"probabilities to native, bilinear, then thresholded",,,0.903969,,,0.927002,0,0,68147,89534,
train_045_a,square,train,expert,1278,graded,"probabilities to native, bilinear, then thresholded",,,0.886976,,,0.900095,0,0,75074,72946,
train_046_n,large,train,expert,2093,graded,"probabilities to native, bilinear, then thresholded",,,0.856583,,,0.927443,0,0,193334,247492,
train_049_a,square,train,expert,1276,graded,"probabilities to native, bilinear, then thresholded",,,0.901128,,,0.923066,0,0,78881,80655,
train_050_a,square,train,expert,1273,graded,"probabilities to native, bilinear, then thresholded",,,0.898418,,,0.923275,0,0,78939,83638,
train_051_a,square,train,expert,1274,graded,"probabilities to native, bilinear, then thresholded",,,0.904823,,,0.935601,0,0,67366,89447,
train_053_a,square,train,expert,1275,graded,"probabilities to native, bilinear, then thresholded",,,0.889982,,,0.923056,0,0,72647,94862,
train_054_g,square,train,expert,1276,graded,"probabilities to native, bilinear, then thresholded",,,0.894943,,,0.922647,0,0,75857,88773,
train_055_a,square,train,expert,1279,graded,"probabilities to native, bilinear, then thresholded",,,0.902684,,,0.924580,0,0,70451,74061,
train_056_a,square,train,expert,1275,graded,"probabilities to native, bilinear, then thresholded",,,0.893888,,,0.919757,0,0,62539,77928,
train_057_a,square,train,expert,1280,graded,"probabilities to native, bilinear, then thresholded",,,0.873636,,,0.916220,0,0,54519,82196,
train_058_d,square,train,expert,1276,graded,"probabilities to native, bilinear, then thresholded",,,0.893215,,,0.913588,0,0,69603,99267,
train_059_d,square,train,expert,1276,graded,"probabilities to native, bilinear, then thresholded",,,0.876418,,,0.895273,0,0,66934,85958,
train_060_n,square,train,expert,1279,graded,"probabilities to native, bilinear, then thresholded",,,0.890575,,,0.908778,0,0,54229,96282,
train_061_a,large,train,expert,2093,graded,"probabilities to native, bilinear, then thresholded",,,0.885272,,,0.922557,0,0,170961,218081,
train_062_g,square,train,expert,1274,graded,"probabilities to native, bilinear, then thresholded",,,0.895640,,,0.924948,0,0,74469,89430,
train_063_a,square,train,expert,1274,graded,"probabilities to native, bilinear, then thresholded",,,0.907877,,,0.929390,0,0,67898,75855,
train_065_a,square,train,expert,1280,graded,"probabilities to native, bilinear, then thresholded",,,0.880904,,,0.911364,0,0,58793,87125,
train_066_n,square,train,expert,1275,graded,"probabilities to native, bilinear, then thresholded",,,0.902442,,,0.930097,0,0,63599,66635,
train_067_g,square,train,expert,1277,graded,"probabilities to native, bilinear, then thresholded",,,0.886851,,,0.911118,0,0,80706,91780,
train_068_a,square,train,expert,1280,graded,"probabilities to native, bilinear, then thresholded",,,0.903329,,,0.945616,0,0,49022,63555,
train_069_n,square,train,expert,1277,graded,"probabilities to native, bilinear, then thresholded",,,0.894012,,,0.909435,0,0,71585,83469,
train_070_g,square,train,expert,1275,graded,"probabilities to native, bilinear, then thresholded",,,0.891227,,,0.911034,0,0,76104,87872,
train_071_n,square,train,expert,1275,graded,"probabilities to native, bilinear, then thresholded",,,0.889351,,,0.911223,0,0,76385,102771,
train_072_n,square,train,expert,1274,graded,"probabilities to native, bilinear, then thresholded",,,0.896928,,,0.919527,0,0,82417,85857,
train_073_d,square,train,expert,1274,graded,"probabilities to native, bilinear, then thresholded",,,0.912311,,,0.940546,0,0,72254,96928,
train_075_d,square,train,expert,1277,graded,"probabilities to native, bilinear, then thresholded",,,0.906652,,,0.935517,0,0,74526,82246,
train_076_d,square,train,expert,1280,graded,"probabilities to native, bilinear, then thresholded",,,0.893709,,,0.917911,0,0,58470,86970,
train_079_n,square,train,expert,1280,graded,"probabilities to native, bilinear, then thresholded",,,0.891545,,,0.925307,0,0,65137,76644,
train_080_n,square,train,expert,1276,graded,"probabilities to native, bilinear, then thresholded",,,0.890351,,,0.918319,0,0,77090,91869,
train_081_d,square,train,expert,1277,graded,"probabilities to native, bilinear, then thresholded",,,0.901531,,,0.930060,0,0,87173,96254,
train_082_n,square,train,expert,1280,graded,"probabilities to native, bilinear, then thresholded",,,0.884252,,,0.911212,0,0,73263,79600,
train_083_g,square,train,expert,1277,graded,"probabilities to native, bilinear, then thresholded",,,0.892329,,,0.913650,0,0,91164,90168,
train_084_d,square,train,expert,1274,graded,"probabilities to native, bilinear, then thresholded",,,0.901666,,,0.934141,0,0,80438,95250,
train_085_n,square,train,expert,1274,graded,"probabilities to native, bilinear, then thresholded",,,0.894925,,,0.912343,0,0,77205,87298,
train_087_d,square,train,expert,1280,graded,"probabilities to native, bilinear, then thresholded",,,0.874274,,,0.915780,0,0,70573,73821,
train_088_g,square,train,expert,1275,graded,"probabilities to native, bilinear, then thresholded",,,0.899930,,,0.921858,0,0,75619,86558,
train_089_n,square,train,expert,1275,graded,"probabilities to native, bilinear, then thresholded",,,0.890836,,,0.913258,0,0,76385,102771,
train_091_n,square,train,expert,1276,graded,"probabilities to native, bilinear, then thresholded",,,0.890325,,,0.922017,0,0,83264,81925,
train_092_n,square,train,expert,1279,graded,"probabilities to native, bilinear, then thresholded",,,0.913668,,,0.948190,0,0,77465,91606,
train_093_n,square,train,expert,1277,graded,"probabilities to native, bilinear, then thresholded",,,0.916847,,,0.947750,0,0,67799,90121,
train_094_n,square,train,expert,1277,graded,"probabilities to native, bilinear, then thresholded",,,0.896157,,,0.916749,0,0,66310,86691,
train_096_d,square,train,expert,1276,graded,"probabilities to native, bilinear, then thresholded",,,0.907348,,,0.936408,0,0,86569,98820,
train_097_d,large,train,expert,2093,graded,"probabilities to native, bilinear, then thresholded",,,0.864030,,,0.899394,0,0,191267,254377,
train_098_d,large,train,expert,2093,graded,"probabilities to native, bilinear, then thresholded",,,0.879107,,,0.927373,0,0,186901,227247,
train_100_n,square,train,expert,1279,graded,"probabilities to native, bilinear, then thresholded",,,0.892890,,,0.922355,0,0,80724,62340,
